relId,year,tmID,games,minutes,points,steals,blocks,playerId
0,1997,SAC,28,422,122,12,12,abrahta01w
1,1998,DET,12,44,18,2,1,abrahta01w
2,2001,MIN,26,846,343,42,9,abrossv01w
3,2002,MIN,27,805,314,42,10,abrossv01w
4,2003,MIN,30,792,318,44,11,abrossv01w
5,2004,MIN,22,462,146,30,2,abrossv01w
6,2005,MIN,31,777,304,48,6,abrossv01w
7,2006,MIN,34,724,263,34,1,abrossv01w
8,2007,MIN,34,843,345,44,4,abrossv01w
9,2008,CON,6,107,34,8,0,abrossv01w
10,2010,SEA,34,686,257,40,3,abrossv01w
11,2012,SEA,19,329,87,20,3,abrossv01w
12,2010,MIN,1,14,5,0,0,adairje01w
13,2011,MIN,31,321,132,8,18,adairje01w
14,2012,MIN,19,168,46,3,4,adairje01w
15,2011,SAS,23,480,286,12,15,adamsda01w
16,2012,SAS,34,686,402,23,23,adamsda01w
17,2003,MIN,10,96,33,2,3,adamsjo01w
21,2002,UTA,28,141,43,3,2,aguilel01w
22,2008,HOU,34,604,273,31,6,ajavoma01w
23,2009,WAS,34,587,272,37,4,ajavoma01w
24,2010,WAS,34,497,199,38,2,ajavoma01w
25,2011,WAS,34,1065,501,57,9,ajavoma01w
26,2012,WAS,33,712,262,53,6,ajavoma01w
27,1997,CLE,5,30,0,2,0,alberma01w
28,1997,COL,15,64,28,4,0,aldrima01w
29,1997,PRT,3,29,15,1,0,aldrima01w
30,1998,PHR,42,692,200,16,4,aldrima01w
31,1999,CLS,8,18,0,1,0,aldrima01w
32,1999,NEW,3,16,4,2,1,aldrima01w
33,1999,WAS,31,379,81,15,7,aldrima01w
34,2000,WAS,29,272,63,9,4,aldrima01w
35,2001,WAS,5,35,7,0,0,aldrima01w
36,1998,LAS,8,73,22,2,0,alexaer01w
37,1998,UTA,12,68,17,1,0,alexaer01w
38,2001,ORL,26,252,49,11,0,alhalta01w
39,2008,SAC,6,49,16,1,0,allench01w
41,2001,NYL,2,3,1,0,1,amachma01w
42,2003,SEA,7,47,8,5,2,amachma01w
43,2005,WAS,3,3,2,0,0,amachma01w
44,1997,PHO,19,85,14,0,2,ambermo01w
45,2002,SAC,2,4,0,0,0,ambermo01w
46,2006,CON,1,1,0,0,0,anderam01w
47,2006,NYL,3,9,0,1,0,anderam01w
48,2003,SAC,26,171,42,5,5,anderch01w
49,2004,SAC,30,231,77,3,6,anderch01w
50,2005,SAS,34,669,203,8,15,anderch01w
51,2006,SAS,23,414,153,7,10,anderch01w
52,2007,SAS,11,86,28,1,5,anderch01w
53,2008,CON,24,367,97,7,1,anderjo01w
54,1998,COL,44,559,174,55,2,anderke01w
55,1999,COL,13,324,77,31,0,anderke01w
56,2000,WAS,30,434,75,25,3,anderke01w
57,2001,CHA,18,102,12,6,0,anderke01w
58,2002,CHA,7,31,7,0,0,anderke01w
59,1999,CLE,32,364,71,18,4,andrame01w
60,2000,CLE,32,797,265,41,10,andrame01w
61,2001,CLE,32,893,152,51,10,andrame01w
62,2002,CLE,32,665,91,29,6,andrame01w
63,2004,CHA,12,65,9,0,1,andrame01w
64,1997,SAC,5,90,14,4,1,angelyv01w
65,2008,MIN,34,920,314,75,43,anosini01w
66,2009,MIN,30,896,396,81,28,anosini01w
67,2010,MIN,31,928,285,62,32,anosini01w
68,2011,WAS,34,924,239,49,28,anosini01w
69,2012,LAS,10,57,10,3,2,anosini01w
70,2010,SAS,28,306,96,7,5,appelja01w
71,2011,SAS,31,452,99,17,20,appelja01w
72,2012,SAS,33,625,116,18,29,appelja01w
73,1997,HOU,28,784,305,43,4,arcaija01w
74,1998,HOU,30,657,205,25,3,arcaija01w
75,1999,HOU,32,735,187,30,2,arcaija01w
76,2000,HOU,32,977,268,42,3,arcaija01w
77,2001,HOU,32,1154,591,60,3,arcaija01w
78,2002,HOU,32,1116,364,51,6,arcaija01w
79,2003,HOU,34,1136,390,41,1,arcaija01w
80,2005,HOU,34,1079,342,55,6,arcaija01w
81,1997,CHA,20,113,16,6,1,artiska01w
82,1997,PHO,28,517,211,21,9,askamma01w
83,1998,PHO,26,319,139,12,7,askamma01w
84,1999,PHO,30,781,283,22,18,askamma01w
85,2000,MIA,32,869,251,17,21,askamma01w
86,2001,MIA,30,431,74,12,11,askamma01w
87,2002,LAS,20,215,61,11,4,askamma01w
88,2002,MIA,6,72,11,1,1,askamma01w
89,2006,IND,33,417,99,18,5,atkinla01w
90,2007,SAC,28,226,58,10,5,atkinla01w
91,2008,SAC,5,73,14,5,2,atkinla01w
92,2009,SEA,2,46,5,10,1,atkinla01w
93,2008,SAS,33,348,71,16,13,atunrmo01w
94,2006,MIN,34,1124,744,21,18,augusse01w
95,2007,MIN,34,1093,769,41,21,augusse01w
96,2008,MIN,31,1042,591,32,12,augusse01w
97,2009,MIN,6,178,126,12,3,augusse01w
98,2010,MIN,25,832,422,17,7,augusse01w
99,2011,MIN,34,997,551,30,15,augusse01w
100,2012,MIN,29,826,481,27,6,augusse01w
101,1997,SER,40,782,295,44,4,aycocan01w
102,1998,SER,43,1024,269,56,11,aycocan01w
103,1999,SER,15,382,130,17,2,aycocan01w
104,1999,PHO,8,30,4,2,0,aycocan01w
105,2000,MIN,3,6,0,0,0,aycocan01w
106,2000,SEA,1,7,0,0,0,aycocan01w
107,2011,TUL,3,42,8,2,1,ayimmi01w
108,2003,IND,7,44,10,0,4,azizle01w
109,1997,SJL,11,416,183,20,2,azzije01w
110,1998,SJL,44,1588,649,81,8,azzije01w
111,1999,SJL,15,560,217,25,2,azzije01w
112,1999,DET,28,838,302,24,4,azzije01w
113,2000,UTA,15,559,144,12,5,azzije01w
114,2001,UTA,32,1205,276,22,10,azzije01w
115,2002,UTA,32,1151,306,27,14,azzije01w
116,2003,SAS,34,1136,260,27,9,azzije01w
117,1998,UTA,22,206,46,13,0,badertr01w
118,1999,CLE,9,72,5,3,0,badertr01w
119,1999,UTA,7,34,2,3,1,badertr01w
120,2000,CLE,25,201,47,17,1,badertr01w
121,2001,CLE,19,114,21,5,0,badertr01w
122,2002,CLE,18,132,14,6,1,badertr01w
123,1999,CHC,2,40,24,3,0,bakerla01w
124,2006,NYL,34,614,251,46,2,bakersh01w
125,2007,LAS,24,492,203,36,2,bakersh01w
126,2007,NYL,3,13,5,0,0,bakersh01w
127,2008,IND,13,110,49,9,1,bakersh01w
128,2009,DET,1,11,7,1,0,bakersh01w
129,2007,IND,17,169,55,4,13,balesal01w
130,2008,ATL,17,389,82,15,29,balesal01w
131,2008,IND,14,126,37,5,14,balesal01w
132,2010,ATL,34,529,132,24,39,balesal01w
133,2011,ATL,34,687,170,15,53,balesal01w
134,1997,SER,33,514,190,19,5,banchrh01w
135,1998,SER,34,271,93,6,0,banchrh01w
136,1999,PRT,13,110,48,1,0,banchrh01w
137,2000,SAC,9,21,6,0,0,banchrh01w
138,1997,UTA,28,913,341,43,63,baranel01w
139,1998,UTA,20,671,258,21,30,baranel01w
140,1999,UTA,29,572,173,20,23,baranel01w
141,2001,MIA,32,984,378,33,57,baranel01w
142,2003,NYL,33,850,278,36,43,baranel01w
143,2004,NYL,34,1048,394,37,58,baranel01w
144,2005,NYL,33,953,288,25,46,baranel01w
145,2001,POR,5,35,2,2,0,barksla01w
146,2002,POR,17,285,100,8,7,barksla01w
147,2003,SAS,26,168,59,1,3,barksla01w
148,1998,SAC,29,619,219,14,10,barnead01w
149,1999,MIN,19,91,21,5,0,barnead01w
150,2000,CLE,5,18,8,0,0,barnead01w
151,2001,CLE,3,3,2,0,0,barnead01w
152,2002,SEA,26,493,90,32,9,barnead01w
153,2003,SEA,16,396,88,11,7,barnead01w
154,2004,SEA,34,402,67,23,2,barnead01w
155,1998,SAC,17,90,16,1,6,barnequ01w
156,2000,SEA,31,705,209,19,33,barnequ01w
157,2001,SEA,20,229,68,9,6,barnequ01w
158,2002,PHO,2,13,3,1,2,barnequ01w
159,2010,CHI,34,642,166,19,15,bassmi01w
160,2012,CON,32,598,255,24,13,bassmi01w
161,2005,SEA,29,461,199,17,24,batkosu01w
162,2009,SEA,20,147,47,5,6,batkosu01w
163,2005,MIN,8,46,0,0,1,batteja01w
164,2006,DET,26,178,36,2,3,batteja01w
165,2005,SEA,2,8,2,0,0,battlas01w
166,2006,NYL,33,455,143,31,3,battlas01w
167,2007,NYL,34,757,252,35,2,battlas01w
168,2008,NYL,34,336,121,15,1,battlas01w
169,2009,NYL,34,548,177,31,2,battlas01w
170,2010,SAS,5,35,8,0,0,battlas01w
171,1997,CLS,31,188,83,4,0,bauerca01w
172,1998,LON,44,614,211,11,5,bauerca01w
173,1999,PHR,12,275,89,6,1,bauerca01w
174,1999,CHA,25,123,33,1,1,bauerca01w
175,2000,CHA,29,398,76,8,3,bauerca01w
176,2001,WAS,15,102,15,2,1,bauerca01w
177,2002,SAC,25,233,43,2,5,bauerca01w
178,2004,WAS,34,1025,446,69,34,beardal01w
179,2005,WAS,30,1015,422,45,9,beardal01w
180,2006,WAS,32,994,614,59,25,beardal01w
181,2007,WAS,33,1169,622,64,24,beardal01w
182,2008,WAS,33,1092,532,55,19,beardal01w
183,2009,WAS,31,985,492,72,18,beardal01w
184,2012,LAS,33,1,375,66,13,beardal01w
185,1997,PHO,1,8,0,1,0,becenry01w
187,2008,SEA,17,93,17,4,2,beckki01w
188,1999,COL,2,10,2,0,0,bellje01w
189,2005,IND,10,52,9,1,1,bennije01w
190,2008,SAS,2,6,0,0,0,berezva01w
191,1999,CHC,11,69,17,6,0,berggas01w
192,1997,NEW,39,1139,561,52,12,berrysh01w
193,1998,NEW,44,845,324,37,19,berrysh01w
194,2002,CLE,5,16,8,0,0,berthlu01w
195,2003,CLE,22,201,84,10,4,berthlu01w
196,2004,HOU,16,134,37,6,2,berthlu01w
197,1998,NEW,35,312,96,11,0,berubca01w
198,1999,NEW,11,96,22,5,0,berubca01w
199,1998,CLE,12,126,23,12,2,beviltu01w
200,2000,POR,32,796,153,41,6,beviltu01w
201,2001,POR,31,788,153,59,6,beviltu01w
202,2002,POR,27,421,84,22,3,beviltu01w
203,2003,SEA,31,252,58,14,1,beviltu01w
204,2004,SEA,34,358,79,38,2,beviltu01w
205,2005,IND,31,873,194,60,0,beviltu01w
206,2006,IND,34,999,223,71,1,beviltu01w
207,2007,IND,34,901,180,56,2,beviltu01w
208,2008,IND,30,876,175,59,4,beviltu01w
209,2009,IND,34,861,209,62,8,beviltu01w
210,2010,IND,34,659,132,48,4,beviltu01w
211,2011,SAS,34,494,99,24,2,beviltu01w
212,2012,SAS,28,157,6,7,1,beviltu01w
214,2000,NYL,17,69,19,3,0,bibbyje01w
215,2004,SAS,24,465,159,21,7,bibrzag01w
216,2006,SAS,32,751,361,26,12,bibrzag01w
217,2002,SEA,32,1121,461,55,3,birdsu01w
218,2003,SEA,34,1136,420,48,1,birdsu01w
219,2004,SEA,34,1136,439,51,5,birdsu01w
220,2005,SEA,30,1020,364,29,6,birdsu01w
221,2006,SEA,34,1065,389,61,5,birdsu01w
222,2007,SEA,29,919,303,43,8,birdsu01w
223,2008,SEA,33,1111,465,39,3,birdsu01w
224,2009,SEA,31,1101,397,47,3,birdsu01w
225,2010,SEA,33,1005,365,50,5,birdsu01w
226,2011,SEA,34,1123,500,48,6,birdsu01w
227,2012,SEA,29,898,355,26,3,birdsu01w
228,2010,SEA,16,109,44,2,1,bishoab01w
229,1999,LAS,27,431,121,9,22,bjedoni01w
230,2011,CHI,7,43,8,1,0,bjorkan01w
231,2004,CHA,4,13,2,0,0,bjorkte01w
232,2009,CON,33,428,97,13,27,blackch01w
233,2010,TUL,34,712,177,18,54,blackch01w
234,2012,TUL,29,366,92,15,18,blackch01w
235,1997,COL,40,1400,306,177,3,blackde01w
236,1998,COL,44,1479,296,109,3,blackde01w
237,1999,COL,13,425,92,44,2,blackde01w
238,1999,UTA,32,1014,163,77,6,blackde01w
239,2000,MIA,32,820,152,58,1,blackde01w
240,2001,MIA,32,946,180,82,2,blackde01w
241,2002,MIA,32,899,153,59,5,blackde01w
242,2003,CON,34,373,55,20,2,blackde01w
243,2004,CON,31,347,55,19,0,blackde01w
244,1997,NYL,28,290,80,14,1,bladerh01w
245,1998,DET,29,340,66,12,1,bladerh01w
246,1998,CLE,22,184,63,9,0,blodgci01w
247,1999,SAC,12,34,11,1,0,blodgci01w
248,2000,SAC,20,133,52,8,1,blodgci01w
249,2001,SAC,11,72,34,6,1,blodgci01w
250,2006,WAS,24,181,54,18,0,blueni01w
251,2007,WAS,30,420,107,22,5,blueni01w
252,2008,WAS,26,537,99,19,2,blueni01w
253,2009,WAS,16,91,24,7,0,blueni01w
254,2010,NYL,15,77,18,4,0,blueni01w
255,1998,LAS,30,331,73,13,3,blueoc01w
256,2003,HOU,16,37,4,0,0,blueoc01w
257,2004,HOU,13,155,44,1,0,blueoc01w
258,2008,LAS,26,552,106,25,1,bobbish01w
259,2009,LAS,33,353,71,15,1,bobbish01w
260,2011,IND,31,439,122,30,0,bobbish01w
261,2012,WAS,28,418,78,14,2,bobbish01w
262,2009,SAC,4,9,2,1,0,boddiwh01w
264,1999,NEW,9,127,33,10,2,boldeba01w
265,1997,SAC,23,813,447,54,1,boltoru01w
266,1998,SAC,5,133,55,6,0,boltoru01w
267,1999,SAC,31,970,421,31,0,boltoru01w
268,2000,SAC,29,868,380,34,1,boltoru01w
269,2001,SAC,31,582,222,28,1,boltoru01w
270,2002,SAC,32,737,349,45,2,boltoru01w
271,2003,SAC,33,521,149,33,2,boltoru01w
272,2004,SAC,34,469,160,23,0,boltoru01w
273,2006,CHA,34,614,193,35,8,bondla01w
274,2008,IND,32,325,74,15,4,bondla01w
275,2002,PHO,22,306,105,12,0,bonfisu01w
276,2009,PHO,34,724,381,23,25,bonnede01w
277,2010,PHO,32,813,383,22,37,bonnede01w
278,2011,PHO,34,857,365,34,36,bonnede01w
279,2012,PHO,32,1,660,54,28,bonnede01w
280,1997,UTA,26,321,61,24,15,bookeka01w
281,1998,HOU,1,2,0,1,0,bookeka01w
282,1998,ATG,37,679,219,26,2,bosweca01w
283,1999,CHC,2,60,23,3,1,bosweca01w
284,1997,CLE,10,112,18,6,0,bouceje01w
285,1998,CHA,9,52,10,1,0,bouchke01w
286,2007,NYL,6,37,9,0,0,bowenli01w
287,1998,DET,30,817,245,27,10,boydca01w
288,1999,DET,32,694,172,24,8,boydca01w
289,2001,DET,21,230,75,11,2,boydca01w
291,1998,SJL,25,85,48,4,2,bradlki01w
292,1997,COL,4,8,6,1,0,brancli01w
293,1998,NYL,11,94,23,3,1,branzal01w
294,1998,DET,26,204,69,3,4,branzge01w
295,1997,CLE,25,822,287,36,28,braxtja01w
296,1998,CLE,30,840,295,51,15,braxtja01w
297,1999,CLE,26,476,151,19,13,braxtja01w
298,2005,DET,33,455,227,18,13,braxtka01w
299,2006,DET,34,359,146,11,11,braxtka01w
300,2007,DET,31,545,207,14,16,braxtka01w
301,2008,DET,33,590,295,14,24,braxtka01w
302,2009,DET,28,504,252,19,18,braxtka01w
303,2010,PHO,13,224,144,8,5,braxtka01w
304,2010,PHO,13,224,144,8,5,braxtka01w
305,2010,TUL,22,369,204,25,17,braxtka01w
306,2011,NYL,13,166,51,5,6,braxtka01w
307,2011,PHO,18,356,191,15,14,braxtka01w
308,2012,NYL,34,535,223,17,21,braxtka01w
309,1999,CHA,7,41,24,2,0,brazian01w
310,2000,CHA,22,203,51,5,0,brazian01w
311,2001,IND,23,341,127,9,13,brazian01w
312,1998,DET,30,695,272,9,26,brcanra01w
313,2011,CON,4,6,2,0,1,brelaje01w
314,2011,NYL,9,69,18,2,6,brelaje01w
315,2001,CHA,1,5,0,0,0,bristre01w
316,1998,PHO,30,779,275,44,5,brogami01w
317,2000,PHO,28,725,211,30,6,brogami01w
318,1998,DET,30,993,426,38,1,brondsa01w
319,1999,DET,32,1002,424,25,5,brondsa01w
320,2001,MIA,29,850,367,28,4,brondsa01w
321,2002,MIA,30,763,263,26,4,brondsa01w
322,2003,SEA,34,975,280,31,2,brondsa01w
323,1997,SER,38,1181,665,100,32,brownci01w
324,1998,DET,30,965,354,51,22,brownci01w
325,1999,DET,21,490,144,25,12,brownci01w
326,1999,UTA,9,156,34,9,2,brownci01w
327,2003,IND,30,522,186,21,4,brownco01w
328,2004,IND,26,398,104,7,1,brownco01w
329,2005,IND,6,23,6,1,0,brownco01w
330,2006,CHI,15,252,48,10,0,brownco01w
332,2000,DET,32,619,188,24,5,browned01w
333,2001,DET,32,800,237,33,7,browned01w
334,2002,DET,28,549,115,25,7,browned01w
335,2003,PHO,34,524,118,30,7,browned01w
336,2006,HOU,4,28,4,1,0,browned01w
337,2002,WAS,18,108,28,5,0,brownki01w
338,2003,WAS,27,269,60,13,1,brownki01w
339,2004,WAS,26,371,104,13,2,brownki01w
340,2005,HOU,4,18,0,1,0,brownki01w
341,2005,WAS,2,14,2,2,0,brownki01w
342,2006,NYL,16,58,20,2,0,brownki01w
343,2007,LAS,27,327,131,12,3,brownki01w
344,2007,MIN,3,29,11,1,1,brownki01w
345,2008,LAS,32,530,158,19,0,brownki01w
346,2009,CON,34,393,130,13,3,brownki01w
347,2010,TUL,27,481,153,15,0,brownki01w
348,1997,CLS,18,90,18,3,3,brownla01w
349,1998,WAS,22,272,43,10,20,brownla01w
350,1999,DET,13,43,19,1,1,brownle01w
351,1997,CLE,28,511,175,34,14,brownru01w
352,1998,CLE,30,522,194,34,16,brownru01w
353,1999,CLE,30,434,131,19,10,brownru01w
354,2000,CLE,30,679,253,38,13,brownru01w
355,2001,CLE,30,760,249,44,10,brownru01w
356,2002,CLE,28,468,112,21,8,brownru01w
357,2003,CHA,34,483,125,29,10,brownru01w
359,2000,MIN,32,613,124,22,2,brumfma01w
360,2001,MIA,27,247,44,20,0,brumfma01w
361,2003,CHA,25,123,18,1,1,brumfma01w
362,2004,CON,33,314,50,4,4,brungje01w
363,2005,CON,12,47,2,0,0,brungje01w
364,2006,CON,4,7,0,0,0,brungje01w
365,2004,SAC,34,494,151,23,13,brunsre01w
366,2005,SAC,34,722,265,28,15,brunsre01w
367,2006,SAC,34,597,232,21,15,brunsre01w
368,2007,SAC,33,932,378,44,31,brunsre01w
369,2008,SAC,30,779,327,36,20,brunsre01w
370,2009,SAC,27,665,331,40,16,brunsre01w
371,2010,MIN,30,915,340,36,29,brunsre01w
372,2011,MIN,34,938,348,28,18,brunsre01w
373,2012,MIN,31,837,352,37,29,brunsre01w
375,1997,CHA,28,875,359,54,55,bullevi01w
376,1998,CHA,30,947,399,66,46,bullevi01w
377,1999,CHA,32,1008,369,62,45,bullevi01w
378,2000,WAS,32,1094,342,64,47,bullevi01w
379,2001,WAS,32,1073,278,53,58,bullevi01w
380,2002,WAS,32,953,271,54,37,bullevi01w
381,1999,MIN,25,333,59,8,0,burgean01w
382,2001,WAS,31,731,124,26,2,burgean01w
383,2002,WAS,26,632,125,34,4,burgean01w
384,2003,WAS,34,841,131,27,1,burgean01w
385,1997,LAS,22,282,87,12,12,burgehe01w
386,1998,WAS,30,501,201,16,15,burgehe01w
387,1999,SAC,13,28,7,2,2,burgehe02w
388,1997,LAS,28,492,183,20,13,burgeli01w
389,1998,SAC,30,692,226,42,11,burgeli01w
390,1999,SAC,27,233,97,6,2,burgeli01w
391,2000,SAC,5,41,12,1,0,burgeli01w
392,1999,COL,13,221,88,9,5,burraal01w
393,1999,CLE,31,563,232,17,10,burraal01w
394,2000,POR,21,314,159,3,7,burraal01w
395,2001,POR,26,272,106,5,3,burraal01w
396,2002,POR,32,633,278,10,7,burraal01w
397,2003,SEA,27,270,89,5,5,burraal01w
398,2001,MIN,20,169,47,2,15,burseja01w
399,2002,MIN,31,344,83,7,13,burseja01w
400,2003,MIN,29,438,206,13,28,burseja01w
401,2004,SEA,29,514,141,23,36,burseja01w
402,2005,SEA,34,859,340,19,40,burseja01w
403,2006,SEA,27,737,300,17,25,burseja01w
404,2007,SEA,29,709,256,13,28,burseja01w
405,2009,SEA,34,541,207,21,31,burseja01w
406,2004,MIN,30,423,76,13,7,buttsta01w
407,1997,SAC,28,656,244,39,8,byearla01w
408,1998,SAC,30,828,427,43,13,byearla01w
409,1999,SAC,32,705,295,36,6,byearla01w
410,2000,SAC,32,521,181,30,5,byearla01w
411,2001,LAS,32,739,297,42,13,byearla01w
412,2002,LAS,26,486,182,19,4,byearla01w
413,2003,LAS,5,72,28,0,2,byearla01w
414,2006,WAS,26,330,112,12,2,byearla01w
415,2007,HOU,30,327,151,23,5,byearla01w
416,2008,HOU,11,46,18,3,0,byearla01w
417,1997,ATG,35,716,254,18,1,byrdla01w
418,1998,SJL,28,82,33,1,0,byrdla01w
419,1999,PHR,4,6,1,0,0,cabezli01w
420,2012,NYL,20,136,23,2,4,cainke01w
421,2011,TUL,33,659,380,28,29,camba01w
422,1997,COL,40,1279,566,72,12,campbed01w
423,1998,COL,44,1333,613,54,17,campbed01w
424,1999,COL,13,452,225,15,2,campbed01w
425,1999,PHO,28,750,268,25,10,campbed01w
426,2000,SEA,16,510,222,19,4,campbed01w
427,2001,SAC,32,854,260,19,9,campbed01w
428,2002,SAC,1,12,4,1,0,campbed01w
429,2003,SAC,34,724,267,21,5,campbed01w
430,2004,SAC,22,332,74,5,2,campbed01w
431,2005,SAS,28,248,48,7,0,campbed01w
432,1998,PHR,33,179,43,7,6,campbmi01w
433,1999,UTA,8,30,8,0,0,campbmi01w
434,2000,WAS,5,22,6,0,1,campbmi01w
435,1999,DET,26,646,249,26,1,cantydo01w
436,2000,DET,28,784,257,49,5,cantydo01w
437,2001,DET,32,625,197,31,1,cantydo01w
438,2002,DET,28,625,160,21,4,cantydo01w
439,2003,HOU,32,648,172,22,1,cantydo01w
440,2004,HOU,32,770,177,32,1,cantydo01w
441,2005,HOU,33,997,270,29,2,cantydo01w
442,2006,HOU,15,431,164,17,0,cantydo01w
443,2007,CHI,30,776,259,30,4,cantydo01w
444,2008,CHI,28,737,226,28,3,cantydo01w
445,2009,CHI,34,776,234,28,5,cantydo01w
446,2010,CHI,34,884,307,33,7,cantydo01w
447,2011,CHI,22,331,90,10,2,cantydo01w
448,2012,WAS,6,72,17,2,0,cantydo01w
449,2005,CON,15,86,18,2,0,careyja01w
450,2006,CON,24,286,63,7,0,careyja01w
451,2007,CON,33,419,112,4,0,careyja01w
452,2008,CON,33,499,137,8,1,careyja01w
453,2008,NYL,34,646,223,32,8,carsoes01w
454,2009,NYL,34,859,340,37,10,carsoes01w
455,2010,NYL,34,325,126,14,8,carsoes01w
456,2011,NYL,32,725,361,38,20,carsoes01w
457,2012,NYL,34,927,394,37,25,carsoes01w
458,2004,DET,2,13,1,2,0,carteam01w
459,2005,NYL,3,13,0,0,0,carteam01w
460,1997,UTA,19,286,76,13,1,cartede01w
461,1998,WAS,29,434,111,16,4,cartede01w
462,2012,CHI,1,9,4,1,0,cartesy01w
463,2002,DET,32,1079,474,37,31,cashsw01w
464,2003,DET,33,1097,548,43,23,cashsw01w
465,2004,DET,32,1105,526,44,29,cashsw01w
466,2005,DET,21,458,119,12,6,cashsw01w
467,2006,DET,34,990,358,20,11,cashsw01w
468,2007,DET,31,959,344,19,13,cashsw01w
469,2008,SEA,31,927,351,21,32,cashsw01w
470,2009,SEA,32,1094,390,28,16,cashsw01w
471,2010,SEA,34,1046,470,19,17,cashsw01w
472,2011,SEA,34,1128,452,32,21,cashsw01w
473,2012,CHI,34,1,359,34,17,cashsw01w
474,2000,MIA,22,175,74,5,2,cassija01w
475,2002,MIA,19,182,66,7,0,castriz01w
476,2003,PHO,16,178,69,6,1,castriz01w
477,2005,SEA,33,879,269,18,4,castriz01w
478,2006,SEA,34,655,246,23,2,castriz01w
479,2007,SEA,34,963,419,35,4,castriz01w
480,2008,ATL,29,671,269,27,6,castriz01w
481,2009,ATL,34,915,488,36,2,castriz01w
482,2010,ATL,34,984,575,28,2,castriz01w
483,2011,ATL,34,672,259,13,4,castriz01w
484,2012,WAS,11,132,34,3,0,castriz01w
485,2002,IND,32,1167,594,94,43,catchta01w
486,2003,IND,34,1210,671,72,35,catchta01w
487,2004,IND,34,1149,568,67,38,catchta01w
488,2005,IND,34,1174,501,90,16,catchta01w
489,2006,IND,32,1071,521,94,35,catchta01w
490,2007,IND,21,678,348,66,22,catchta01w
491,2008,IND,25,694,332,49,11,catchta01w
492,2009,IND,34,1084,512,99,18,catchta01w
493,2010,IND,34,1068,618,77,30,catchta01w
494,2011,IND,33,1040,511,67,30,catchta01w
495,2012,IND,34,1,590,70,29,catchta01w
496,2002,UTA,8,65,19,7,0,caufila01w
497,1998,NYL,22,187,38,1,7,cebriel01w
498,1998,WAS,30,397,144,13,0,chacoke01w
499,2007,CON,1,1,0,0,0,chambco01w
501,2008,CHI,28,241,68,16,3,chanequ01w
502,2002,DET,19,119,22,3,2,chapmji01w
503,1997,LAS,28,282,64,10,10,charlda01w
504,2010,CON,34,1054,528,25,57,charlti01w
505,2011,CON,34,1136,600,26,60,charlti01w
506,2012,CON,33,1,594,17,47,charlti01w
507,1998,CHA,23,166,34,5,0,chaseso01w
508,1999,CHA,13,58,11,4,0,chaseso01w
510,2010,IND,7,34,15,0,0,cheekjo01w
511,2011,WAS,3,16,3,0,1,cheekjo01w
512,1998,ATG,13,85,13,3,1,cheruam01w
513,2011,NYL,4,27,2,1,0,chestfe01w
514,2004,WAS,13,115,28,1,4,choneka01w
515,2005,WAS,12,61,14,1,0,choneka01w
516,2006,SEA,3,16,0,0,0,choneka01w
517,2002,PHO,30,413,120,24,13,chriska01w
518,2003,PHO,30,659,206,25,16,chriska01w
519,2004,PHO,32,407,50,21,7,chriska01w
520,2005,PHO,11,108,18,7,5,chriska01w
521,2006,HOU,6,88,18,0,0,chriska01w
522,2006,PHO,11,53,3,3,1,chriska01w
523,2007,CHI,23,212,48,10,5,chriska01w
524,2011,TUL,17,166,54,6,3,chriska02w
525,2011,WAS,14,142,47,8,1,chriska02w
526,2012,IND,16,174,46,13,4,chriska02w
527,2004,NYL,33,560,191,9,9,chrissh01w
528,2005,NYL,34,809,311,33,19,chrissh01w
529,2006,NYL,34,987,423,20,42,chrissh01w
530,2007,NYL,33,1065,368,34,19,chrissh01w
531,2008,NYL,31,947,488,35,17,chrissh01w
532,2009,NYL,32,1014,514,28,27,chrissh01w
533,2010,CHI,10,213,85,3,2,chrissh01w
534,2012,SAS,34,695,270,18,16,chrissh01w
535,2009,CON,4,23,7,2,0,cironkr01w
536,2012,SEA,23,238,79,5,1,clarkal01w
537,1997,SAC,5,46,7,1,1,clarkma01w
539,2000,PHO,24,509,57,34,2,clearmi01w
540,2001,PHO,4,49,2,2,0,clearmi01w
541,2000,SAC,26,285,66,12,1,clinest01w
542,2001,SAC,16,75,10,1,0,clinest01w
543,2002,DET,12,105,27,1,1,clinest01w
544,2007,CHI,20,196,49,5,1,coggicl01w
545,2004,LAS,3,14,3,0,1,cokermo01w
546,2003,CON,20,141,36,8,2,colemco01w
547,2009,WAS,28,525,171,20,9,colemma01w
548,2010,WAS,34,663,222,29,12,colemma01w
549,2011,WAS,34,918,292,24,14,colemma01w
550,2012,LAS,34,548,106,21,8,colemma01w
551,1997,LAS,28,613,136,35,9,colleka01w
552,1998,LAS,30,575,80,18,11,colleka01w
553,2000,MIA,32,873,264,27,7,colleka01w
554,2001,MIA,14,121,26,2,1,colleka01w
555,2011,NYL,16,86,22,4,2,colsosy01w
556,1997,UTA,4,19,0,4,1,compame01w
557,1997,CHA,28,658,187,16,5,congran01w
558,1998,CHA,24,372,104,11,5,congran01w
559,1999,ORL,32,812,209,24,7,congran01w
560,1998,ATG,44,585,123,11,11,conklab01w
561,2001,UTA,15,50,2,4,0,consuca01w
562,2001,NYL,4,51,26,0,2,coopeca01w
563,2002,NYL,23,119,27,4,5,coopeca01w
564,1997,HOU,28,982,621,59,6,coopecy01w
565,1998,HOU,30,1051,680,48,11,coopecy01w
566,1999,HOU,31,1101,686,43,11,coopecy01w
567,2000,HOU,31,1085,550,39,6,coopecy01w
568,2003,HOU,4,144,64,4,1,coopecy01w
572,1997,COL,40,1132,473,35,31,crawlsy01w
573,1998,COL,33,490,159,9,17,crawlsy01w
574,1998,PRT,10,76,16,4,0,crawlsy01w
575,1999,PRT,12,123,28,6,2,crawlsy01w
576,2000,POR,31,930,357,29,24,crawlsy01w
577,2001,POR,32,921,299,19,26,crawlsy01w
578,2002,POR,32,819,279,18,37,crawlsy01w
579,2003,SAS,33,564,115,18,19,crawlsy01w
580,2002,UTA,18,84,29,0,2,crockda01w
581,2008,PHO,5,41,9,4,1,crockwi01w
582,2006,CHI,11,134,24,6,2,cronika01w
584,1997,ATG,1,3,0,0,0,crumpca01w
585,1997,NYL,2,11,2,0,0,crumpca01w
586,1998,PHR,20,159,41,4,3,cummiki01w
587,1998,PHR,44,609,265,10,1,cunnibe01w
588,1999,PHR,13,74,30,1,0,cunnibe01w
589,2000,WAS,21,198,59,2,0,cunnibe01w
590,2002,ORL,6,21,0,2,0,cunnida01w
591,1997,COL,40,458,105,9,16,cunnima01w
592,2006,CHA,34,844,339,34,4,currimo01w
593,2007,CHI,2,61,29,1,0,currimo01w
594,2007,WAS,31,771,325,23,7,currimo01w
595,2008,WAS,34,972,403,30,12,currimo01w
596,2009,WAS,34,728,278,29,14,currimo01w
597,2010,WAS,34,891,479,49,14,currimo01w
598,2011,WAS,4,77,47,7,0,currimo01w
599,2012,WAS,34,820,407,35,7,currimo01w
600,2003,PHO,20,205,33,9,0,curryed01w
601,2005,LAS,13,113,23,7,1,curryed01w
603,2002,WAS,31,805,303,16,4,dalesst01w
604,2003,WAS,34,998,340,29,12,dalesst01w
605,2004,WAS,31,782,254,20,3,dalesst01w
606,2006,CHI,23,454,161,9,1,dalesst01w
607,2007,CHI,31,845,319,20,0,dalesst01w
608,2000,MIN,30,577,173,12,0,daleygr01w
609,2001,NYL,15,66,25,8,1,daleygr01w
610,2002,HOU,23,185,63,3,1,daleygr01w
611,2003,PHO,3,28,2,0,1,daleygr01w
612,2000,CLE,32,556,155,37,5,darlihe01w
613,2001,CLE,32,778,196,34,4,darlihe01w
614,2003,CLE,34,832,141,39,6,darlihe01w
615,2004,MIN,33,707,140,30,4,darlihe01w
616,2005,CHA,31,600,107,41,0,darlihe01w
617,2006,CHA,29,607,158,35,3,darlihe01w
618,2007,SAS,33,684,134,45,1,darlihe01w
619,2008,SAS,31,580,108,33,3,darlihe01w
620,2009,SAS,34,642,104,30,5,darlihe01w
621,2010,SAS,33,391,64,20,1,darlihe01w
623,2007,NYL,33,382,176,7,29,davenje01w
624,2008,NYL,14,154,65,4,10,davenje01w
625,2009,IND,27,181,72,7,14,davenje01w
626,2010,IND,33,469,243,14,27,davenje01w
627,2011,IND,34,717,363,27,45,davenje01w
628,2012,IND,34,514,229,23,26,davenje01w
629,2006,LAS,14,118,41,5,1,davisbr01w
630,1997,NEW,28,801,413,31,10,daviscl01w
631,1998,LON,44,1170,522,39,9,daviscl01w
632,1999,SJL,15,396,184,19,7,daviscl01w
633,1999,PHO,14,259,130,12,4,daviscl01w
634,2007,HOU,3,19,6,0,0,davisde01w
635,1997,ATG,17,184,64,6,0,davisla01w
636,1997,NEW,7,77,15,4,0,davisla01w
637,1998,CLS,39,395,122,19,2,davisla01w
638,1999,CLS,14,217,54,5,1,davisla01w
639,1997,SER,36,426,106,21,7,davista01w
640,1998,NEW,25,106,19,5,0,davista01w
641,2009,DET,1,4,2,0,0,davista02w
642,1997,NEW,40,856,262,22,25,dedenka01w
643,1998,NEW,44,1178,292,29,16,dedenka01w
644,1999,SJL,15,155,46,5,1,deforan01w
645,2000,DET,27,433,145,27,4,deforan01w
646,2003,PHO,34,1065,405,51,12,deforan01w
647,2004,PHO,34,1152,488,51,8,deforan01w
648,2005,PHO,33,1131,433,41,7,deforan01w
649,2006,IND,34,1001,348,39,9,deforan01w
650,2007,IND,34,795,296,26,4,deforan01w
651,2008,MIN,34,847,288,27,5,deforan01w
652,2009,DET,7,113,10,4,0,deforan01w
653,2004,CON,23,140,19,8,0,derevje01w
654,2005,CON,34,359,24,11,2,derevje01w
655,2006,PHO,31,467,96,23,7,derevje01w
656,2007,PHO,23,200,36,6,1,derevje01w
657,2008,PHO,17,145,14,2,4,derevje01w
658,2002,LAS,11,41,12,3,0,desouer01w
659,2007,CON,32,391,136,7,29,desouer01w
660,2008,ATL,12,277,112,17,21,desouer01w
661,2009,ATL,34,928,402,32,44,desouer01w
662,2010,ATL,34,872,421,27,40,desouer01w
663,2011,ATL,32,877,378,38,43,desouer01w
664,2012,ATL,15,449,174,20,23,desouer01w
665,2000,MIN,32,791,142,37,2,dickeke01w
666,2001,UTA,4,6,0,0,0,dickeke01w
667,2003,SAS,24,168,41,7,4,dillata01w
668,2004,SAS,23,205,37,4,1,dillata01w
669,2005,SAS,10,51,9,2,0,dillata01w
670,1997,SJL,1,1,0,0,0,dixonin01w
671,1997,LAS,27,715,320,49,5,dixonta01w
672,1998,LAS,22,710,357,24,8,dixonta01w
673,1999,LAS,32,563,217,17,4,dixonta01w
674,2000,LAS,31,882,338,40,10,dixonta01w
675,2001,LAS,29,925,340,27,2,dixonta01w
676,2002,LAS,30,958,319,28,5,dixonta01w
677,2003,LAS,30,1042,412,35,10,dixonta01w
678,2004,LAS,32,913,311,36,1,dixonta01w
679,2005,LAS,30,607,160,24,2,dixonta01w
680,2006,HOU,23,591,162,13,2,dixonta01w
681,2007,HOU,18,490,216,24,6,dixonta01w
682,2008,HOU,24,634,216,25,3,dixonta01w
683,2009,IND,32,424,132,12,3,dixonta01w
684,1999,SJL,13,51,2,4,1,doagela01w
685,1998,SAC,9,92,27,7,1,domonna01w
686,2003,NYL,1,2,0,0,0,donapbe01w
687,2004,NYL,26,479,131,11,8,donapbe01w
689,2007,NYL,7,35,10,3,0,doronsh01w
690,2000,ORL,32,820,228,16,63,dossaci01w
691,2001,ORL,10,65,19,3,5,dossaci01w
692,2002,ORL,26,260,88,4,13,dossaci01w
693,2001,ORL,22,439,154,37,7,douglka01w
694,2002,ORL,32,830,271,49,13,douglka01w
695,2003,CON,28,843,336,31,11,douglka01w
696,2004,CON,34,1120,364,50,13,douglka01w
697,2005,CON,32,998,351,48,4,douglka01w
698,2006,CON,32,1003,525,62,4,douglka01w
699,2007,CON,34,1133,577,65,10,douglka01w
700,2008,IND,33,1134,516,53,11,douglka01w
701,2009,IND,31,1003,547,56,7,douglka01w
702,2010,IND,34,1014,467,46,13,douglka01w
703,2011,IND,32,940,445,41,8,douglka01w
704,2012,IND,32,990,529,48,10,douglka01w
705,2006,MIN,31,387,105,9,0,duffyme01w
706,2007,MIN,5,48,7,1,0,duffyme01w
707,2008,NYL,6,45,11,0,0,duffyme01w
708,2011,WAS,26,219,59,18,5,dunlavi01w
709,2012,SEA,5,28,13,0,0,dunlavi01w
712,2006,CHI,34,1032,467,43,25,dupreca01w
713,2007,CHI,33,1078,544,29,41,dupreca01w
714,2008,CHI,34,1119,555,36,45,dupreca01w
715,2009,CHI,34,1186,534,35,41,dupreca01w
716,2010,PHO,34,1014,535,35,28,dupreca01w
717,2011,PHO,34,1075,495,19,25,dupreca01w
718,2012,PHO,13,345,172,8,7,dupreca01w
719,1997,COL,24,105,19,0,4,dydekka01w
720,1998,UTA,30,839,386,14,114,dydekma01w
721,1999,UTA,32,733,403,13,77,dydekma01w
722,2000,UTA,32,775,294,18,96,dydekma01w
723,2001,UTA,32,970,349,25,113,dydekma01w
724,2002,UTA,30,876,394,25,107,dydekma01w
725,2003,SAS,34,926,406,19,100,dydekma01w
726,2004,SAS,34,682,225,20,48,dydekma01w
727,2005,CON,31,671,225,8,71,dydekma01w
728,2006,CON,34,743,320,21,85,dydekma01w
729,2007,CON,32,643,214,12,66,dydekma01w
730,2008,LAS,2,14,4,0,0,dydekma01w
731,1997,CLE,20,622,203,34,3,edwarmi01w
732,1998,CLE,23,533,178,23,1,edwarmi01w
733,1999,CLE,31,745,236,26,8,edwarmi01w
734,2000,CLE,3,17,8,0,0,edwarmi01w
735,2000,SEA,20,455,131,14,5,edwarmi01w
736,2001,SEA,3,13,4,1,0,edwarmi01w
737,2000,SEA,29,645,216,16,10,edwarsi01w
738,2001,SEA,32,810,237,24,20,edwarsi01w
739,2002,SEA,32,694,223,21,12,edwarsi01w
740,2003,SEA,34,577,157,10,9,edwarsi01w
741,2004,SEA,23,257,48,8,3,edwarsi01w
742,2005,SEA,28,201,55,4,2,edwarsi01w
743,1997,ATG,40,1518,842,93,10,edwarte01w
744,1998,ATG,44,1668,898,118,11,edwarte01w
745,1999,PHR,14,508,294,41,7,edwarte01w
746,2003,MIN,34,854,181,41,11,edwarte01w
747,2004,MIN,34,697,194,47,8,edwarte01w
748,1997,CLS,40,1136,624,72,12,edwarto01w
749,1998,CLS,38,1142,541,50,13,edwarto01w
750,1999,CLS,14,446,227,23,4,edwarto01w
751,1999,MIN,32,1031,475,27,13,edwarto01w
752,2000,PHO,32,926,338,36,9,edwarto01w
753,2001,CHA,22,372,100,14,6,edwarto01w
754,2001,PHO,10,208,94,5,1,edwarto01w
755,2002,CHA,29,303,112,16,2,edwarto01w
756,2005,SAS,31,528,139,7,4,elysh01w
757,2006,SAS,12,136,41,2,0,elysh01w
758,2007,SEA,29,282,65,8,1,elysh01w
759,2008,SEA,34,389,113,12,5,elysh01w
760,2009,CHI,34,497,232,12,8,elysh01w
761,2011,IND,33,355,103,6,6,elysh01w
762,1998,SER,42,1336,754,49,10,enissh01w
763,1999,SER,15,490,205,19,4,enissh01w
764,1999,WAS,29,844,216,23,4,enissh01w
765,2000,CHA,12,323,139,10,1,enissh01w
766,2001,CHA,32,623,191,10,5,enissh01w
767,2002,CHA,4,59,19,1,2,enissh01w
768,2003,CHA,29,613,252,29,2,enissh01w
769,2000,CHA,29,275,92,8,6,erbsu01w
770,2001,CHA,18,148,54,1,5,erbsu01w
771,2002,CHA,31,342,88,13,11,erbsu01w
772,2009,CON,8,56,16,1,0,ervinla01w
774,2012,LAS,3,15,2,1,0,evansda01w
775,1997,RIC,36,390,110,16,0,evansde01w
776,1999,MIN,26,281,77,11,6,fallotr01w
777,2001,PHO,31,841,322,35,12,fallotr01w
778,1999,NEW,13,303,95,5,2,farriba01w
779,2000,DET,14,130,45,6,1,farriba01w
780,2001,DET,31,559,129,7,5,farriba01w
781,2002,DET,32,564,143,12,9,farriba01w
782,2003,DET,34,522,127,10,4,farriba01w
783,2004,DET,26,422,118,8,2,farriba01w
784,2005,DET,34,444,83,8,1,farriba01w
785,2006,NYL,34,944,261,21,5,farriba01w
786,2007,NYL,28,237,53,6,1,farriba01w
787,2008,PHO,34,553,118,20,4,farriba01w
788,2009,DET,13,110,17,5,0,farriba01w
789,1998,LAS,3,41,10,2,0,feastal01w
790,1999,LAS,32,410,162,15,7,feastal01w
791,2000,LAS,32,469,202,23,2,feastal01w
792,2001,CHA,32,1007,365,29,10,feastal01w
793,2002,CHA,32,956,379,39,12,feastal01w
794,2003,CHA,34,1096,422,52,9,feastal01w
795,2004,CHA,33,1052,388,27,6,feastal01w
796,2005,CHA,21,666,192,14,2,feastal01w
797,2006,CHA,32,309,55,13,2,feastal01w
798,2008,IND,33,301,85,5,3,feastal01w
799,2005,SAC,5,24,7,0,0,feifesu01w
800,1997,RIC,12,79,32,1,0,feldeja01w
801,2001,UTA,32,864,366,40,4,ferdima01w
802,2002,UTA,32,1065,489,51,7,ferdima01w
803,2003,SAS,34,1116,470,58,6,ferdima01w
804,2004,SAS,17,509,199,32,2,ferdima01w
805,2005,SAS,31,999,388,46,5,ferdima01w
806,2007,SAS,34,481,164,19,3,ferdima01w
807,2008,LAS,33,680,276,25,4,ferdima01w
808,2009,LAS,28,339,151,15,2,ferdima01w
809,2010,LAS,30,728,268,26,5,ferdima01w
810,2011,PHO,34,593,230,19,7,ferdima01w
811,2007,LAS,34,891,297,36,14,fernama01w
812,2000,NYL,23,154,50,0,2,ferrama01w
813,1999,LAS,22,330,95,15,0,figgsuk01w
814,2000,LAS,32,803,215,21,3,figgsuk01w
815,2001,LAS,32,930,257,43,4,figgsuk01w
816,2002,POR,31,866,264,25,2,figgsuk01w
817,2003,HOU,34,952,149,26,1,figgsuk01w
818,1997,CLE,28,803,332,17,18,fijalis01w
819,1998,CLE,28,806,383,17,27,fijalis01w
820,2000,NYL,9,19,12,0,1,firsool01w
821,2000,MIA,32,474,112,23,3,floremi01w
822,2006,CHA,31,324,76,2,14,flukety01w
823,2007,LAS,12,114,39,3,7,flukety01w
824,2007,SEA,9,31,1,0,1,flukety01w
825,2008,CHI,26,231,70,6,8,flukety01w
826,1999,MIN,32,518,157,14,12,folklkr01w
827,2000,MIN,32,845,242,23,22,folklkr01w
828,2001,POR,32,862,180,20,34,folklkr01w
829,2002,POR,32,602,155,18,17,folklkr01w
830,2003,DET,32,956,344,32,31,fordch01w
831,2004,DET,31,912,329,41,25,fordch01w
832,2005,DET,33,932,313,33,46,fordch01w
833,2006,DET,32,920,443,38,25,fordch01w
834,2007,DET,15,460,195,28,11,fordch01w
835,2008,DET,24,637,243,24,9,fordch01w
836,2009,DET,29,755,249,28,13,fordch01w
837,1997,NYL,28,473,116,28,5,fordki01w
838,1998,NYL,30,471,147,32,2,fordki01w
839,1999,ORL,8,45,4,2,2,fordki01w
840,2000,MIA,28,424,104,32,1,fordki01w
841,2001,MIA,30,395,71,17,5,fordki01w
842,1997,PRT,40,1198,452,54,24,fordst01w
843,1998,COL,11,147,38,3,3,fordst01w
844,1998,PRT,31,455,119,19,7,fordst01w
845,1999,CLS,14,207,24,6,1,fordst01w
846,2001,NYL,1,3,2,0,0,fordst01w
847,2002,SAC,5,12,2,0,0,fordst01w
850,1997,PHO,28,736,246,53,21,fosteto01w
851,1998,PHO,16,218,79,14,5,fosteto01w
852,1999,PHO,10,42,25,0,1,fosteto01w
853,2008,CHI,17,430,178,19,36,fowlesy01w
854,2009,CHI,24,692,270,21,35,fowlesy01w
855,2010,CHI,34,1087,606,39,88,fowlesy01w
856,2011,CHI,34,1175,680,41,68,fowlesy01w
857,2012,CHI,25,778,406,33,30,fowlesy01w
858,2000,NYL,1,2,0,0,0,francde01w
859,2008,SAC,34,351,53,16,1,frankaq01w
860,2009,SEA,2,20,0,1,0,frankaq01w
862,2009,SAS,29,326,145,8,5,frazeme01w
863,2010,SAS,10,101,38,0,0,frazeme01w
864,1997,ATG,13,231,77,5,8,freemla01w
865,1998,ATG,43,563,125,13,9,freemla01w
866,1999,NAS,15,148,63,9,3,freemla01w
867,2000,UTA,21,222,62,4,0,fresest01w
868,1998,PHR,44,1160,427,26,14,frettla01w
869,1999,PHR,14,356,97,12,2,frettla01w
870,1999,LAS,31,658,188,9,5,frettla01w
871,2000,LAS,25,187,40,7,6,frettla01w
872,2001,SAC,30,403,128,10,6,frettla01w
873,2002,SAC,32,648,187,5,19,frettla01w
874,2003,SAC,24,150,36,2,3,frettla01w
875,2004,CHA,10,71,15,1,2,frettla01w
876,2004,NYL,16,276,102,9,5,frettla01w
877,2005,NYL,33,361,98,12,4,frettla01w
878,2004,SEA,5,22,7,0,0,friertr01w
879,2002,NYL,16,67,6,2,0,frohlli01w
880,2003,NYL,26,214,83,6,8,frohlli01w
881,2006,IND,20,169,66,5,0,frohlli01w
882,2007,SAC,10,51,14,1,1,frohlli01w
883,1997,PRT,34,488,162,23,37,frostsh01w
884,1998,PRT,24,90,12,5,5,frostsh01w
885,1999,NAS,10,62,23,3,4,frostsh01w
886,2004,CON,20,144,42,5,1,futreca01w
888,1998,SJL,44,673,278,31,14,gaithka01w
889,1999,SJL,15,199,61,6,2,gaithka01w
890,2000,IND,6,24,6,0,1,gaithka01w
891,2000,UTA,9,54,14,4,0,gaithka01w
892,2002,LAS,1,5,0,0,0,gaithka01w
893,2002,WAS,1,1,0,0,0,gaithka01w
894,1997,SER,1,2,1,0,0,gamblam01w
895,1997,LAS,2,13,0,0,0,ganttr01w
896,2002,DET,8,64,8,3,0,garcibe01w
897,2008,CON,34,540,137,29,7,gardike01w
898,2009,CON,33,596,180,25,24,gardike01w
899,2010,CON,25,206,29,9,3,gardike01w
900,2011,WAS,28,391,43,24,13,gardike01w
901,2002,UTA,30,198,57,3,3,gardnan01w
902,2008,WAS,22,178,57,3,0,gardnan01w
903,2000,SEA,32,560,101,27,10,garnean01w
904,1997,ATG,36,509,164,19,2,gaydeco01w
905,2000,ORL,3,7,2,0,0,gaydeco01w
906,1997,HOU,5,12,4,1,0,gaypi01w
907,2007,SEA,33,437,132,12,6,gearlka01w
908,2008,SEA,34,468,171,11,3,gearlka01w
909,2009,SEA,20,243,82,6,3,gearlka01w
910,1997,LAS,1,4,0,0,0,gessiki01w
911,2000,HOU,17,76,24,1,0,gibsoke01w
912,2001,HOU,28,288,44,8,6,gibsoke01w
913,2002,HOU,29,276,60,8,7,gibsoke01w
914,2003,HOU,26,209,38,1,5,gibsoke01w
915,2012,PHO,11,258,77,5,5,gilbrbr01w
916,1997,PHO,28,874,440,37,15,gilloje01w
917,1998,PHO,30,962,624,50,10,gilloje01w
918,1999,PHO,32,1095,485,37,7,gilloje01w
919,2000,PHO,30,826,376,21,29,gilloje01w
920,2001,PHO,32,858,395,31,19,gilloje01w
921,2002,PHO,31,874,473,29,21,gilloje01w
922,2003,LAS,33,397,103,16,3,gilloje01w
923,2000,IND,4,21,2,0,0,gilmous01w
924,2008,LAS,2,14,0,0,0,gisseka01w
925,2008,DET,3,10,2,0,0,givench01w
926,1997,SER,40,896,308,28,29,godbyli01w
927,1998,SER,29,165,73,4,5,godbyli01w
928,2006,NYL,2,15,3,1,0,gomisem01w
929,1997,RIC,40,808,293,22,2,goodemo01w
930,1998,PRT,39,811,231,23,4,goodemo01w
931,1999,COL,13,123,23,3,0,goodeti01w
932,2012,IND,26,197,80,8,7,goodlsa01w
933,1997,RIC,40,1390,690,59,9,goodsad01w
934,1998,PHR,43,1508,761,63,6,goodsad01w
935,1999,CHC,12,430,207,14,0,goodsad01w
936,1999,UTA,32,1068,476,27,8,goodsad01w
937,2000,UTA,29,929,498,41,7,goodsad01w
938,2001,UTA,28,854,343,27,0,goodsad01w
939,2002,UTA,32,1101,503,45,6,goodsad01w
940,2003,SAS,33,969,371,24,6,goodsad01w
941,2004,SAS,34,1068,372,28,2,goodsad01w
942,2005,CHA,10,215,70,3,1,goodsad01w
943,2005,HOU,23,271,72,8,0,goodsad01w
944,1997,SAC,28,981,365,39,9,gordobr01w
945,1998,SAC,22,253,57,8,0,gordobr01w
946,2007,WAS,21,156,54,5,12,goringi01w
947,2002,MIN,29,369,91,13,6,gortmsh01w
948,2003,MIN,25,200,50,11,1,gortmsh01w
949,2004,WAS,4,24,0,0,1,gortmsh01w
950,2006,SEA,20,265,56,11,2,gortmsh01w
952,1997,ATG,26,319,142,10,5,grahama01w
953,1998,WAS,10,49,19,1,1,grahama01w
954,2007,HOU,17,211,25,7,0,granter01w
955,1997,SAC,22,86,16,0,6,gravede01w
956,2011,PHO,27,308,104,6,0,graylal01w
957,2012,PHO,19,318,85,7,3,graylal01w
958,2004,SEA,13,73,29,3,0,grecomi01w
959,2006,SEA,5,24,2,0,0,greenci01w
960,2010,NYL,33,519,150,13,7,greenka01w
961,2011,CON,33,781,185,30,12,greenka01w
962,2012,CON,34,605,143,39,7,greenka01w
963,2000,LAS,18,183,49,3,1,grginve01w
964,2001,LAS,24,223,71,4,1,grginve01w
965,2002,LAS,12,79,31,1,0,grginve01w
966,2010,CON,34,679,150,23,17,griffke01w
967,2011,CON,34,441,124,25,10,griffke01w
968,2012,CON,31,375,95,18,10,griffke01w
969,1998,LON,44,1409,827,139,59,griffyo01w
970,1999,CHC,12,440,206,39,15,griffyo01w
971,1999,SAC,29,979,545,73,54,griffyo01w
972,2000,SAC,32,1026,523,83,61,griffyo01w
973,2001,SAC,32,1077,518,63,37,griffyo01w
974,2002,SAC,17,577,288,16,13,griffyo01w
975,2003,SAC,34,1015,469,57,39,griffyo01w
976,2004,SAC,34,1031,494,75,41,griffyo01w
977,2005,SAC,34,962,469,42,31,griffyo01w
978,2006,SAC,34,854,407,44,16,griffyo01w
979,2007,SAC,32,738,289,33,12,griffyo01w
980,2008,SEA,30,658,217,43,17,griffyo01w
981,2009,IND,3,41,19,0,2,griffyo01w
982,1997,UTA,28,691,153,23,2,groomla01w
983,1998,SAC,30,792,214,20,3,groomla01w
984,1999,SAC,32,450,98,11,2,groomla01w
985,2000,SAC,30,401,124,10,3,groomla01w
986,2001,SAC,31,543,141,15,10,groomla01w
987,2002,SAC,32,850,227,21,8,groomla01w
988,2003,SAC,34,470,111,17,5,groomla01w
989,2004,SAC,28,235,49,7,2,groomla01w
990,1999,LAS,32,708,284,24,2,grubigo01w
991,2000,IND,29,720,239,31,0,grubigo01w
992,2001,IND,27,481,170,7,0,grubigo01w
993,2002,PHO,32,859,317,36,3,grubigo01w
994,2004,HOU,5,24,2,0,0,grubigo01w
995,2005,LAS,9,41,1,1,0,grubigo01w
996,2008,CON,31,476,193,19,26,grudasa01w
997,2009,CON,26,810,350,23,41,grudasa01w
998,2010,CON,28,636,322,19,21,grudasa01w
999,1997,HOU,25,668,152,26,8,guytowa01w
1000,1998,HOU,1,14,0,1,1,guytowa01w
1001,1999,DET,11,98,21,2,2,guytowa01w
1002,1997,PHO,12,186,33,2,0,hagiwmi01w
1003,1997,SAC,14,174,43,2,2,hagiwmi01w
1004,1998,PHO,10,59,22,0,0,hagiwmi01w
1005,2007,CON,17,148,32,7,0,hairska01w
1006,2002,POR,20,104,30,7,1,hallam01w
1007,1998,COL,41,1180,418,23,15,hallvi01w
1008,1999,NAS,15,444,167,10,15,hallvi01w
1009,2000,CLE,32,577,150,17,8,hallvi01w
1010,2001,CLE,14,225,65,1,5,hallvi01w
1011,2001,IND,13,123,36,4,0,hallvi01w
1012,2002,LAS,3,19,7,1,0,hallvi01w
1013,1998,DET,6,29,6,1,0,hamblan01w
1014,1999,NYL,30,202,80,6,0,hammobe01w
1015,2000,NYL,32,835,351,29,1,hammobe01w
1016,2001,NYL,32,619,262,27,1,hammobe01w
1017,2002,NYL,32,659,256,25,0,hammobe01w
1018,2003,NYL,11,257,162,10,1,hammobe01w
1019,2004,NYL,34,1130,460,58,2,hammobe01w
1020,2005,NYL,34,1180,473,60,2,hammobe01w
1021,2006,NYL,22,674,323,29,3,hammobe01w
1022,2007,SAS,28,934,527,23,5,hammobe01w
1023,2008,SAS,33,1101,582,43,7,hammobe01w
1024,2009,SAS,31,1049,604,49,12,hammobe01w
1025,2010,SAS,32,1075,484,36,8,hammobe01w
1026,2011,SAS,33,1050,526,49,7,hammobe01w
1027,2012,SAS,33,998,485,31,6,hammobe01w
1028,1997,NYL,28,663,271,39,19,hamptky01w
1029,1998,NYL,30,745,274,33,15,hamptky01w
1030,1999,NYL,32,856,293,22,18,hamptky01w
1031,2000,ORL,15,43,7,5,0,hamzoro01w
1032,2007,MIN,20,602,233,20,6,hardili01w
1033,2008,MIN,24,591,154,27,4,hardili01w
1034,2009,WAS,34,1194,435,43,13,hardili01w
1035,2010,WAS,34,1130,411,47,6,hardili01w
1036,2011,ATL,34,1037,358,34,6,hardili01w
1037,2012,ATL,34,1040,418,46,7,hardili01w
1038,1999,PHR,13,227,49,18,2,hardish01w
1040,2008,SAC,34,560,188,15,20,harpela01w
1041,2009,SAC,33,460,150,13,22,harpela01w
1042,2011,MIN,27,278,89,3,11,harriam01w
1043,2012,MIN,27,240,94,9,13,harriam01w
1044,2000,IND,8,67,8,2,1,harrido01w
1045,1997,HOU,25,369,104,17,3,harrifr01w
1046,1998,UTA,18,353,71,13,1,harrifr01w
1047,1997,PRT,40,1207,393,72,12,harrili01w
1048,1998,PRT,44,1249,323,45,9,harrili01w
1049,1999,CLS,14,369,117,13,3,harrili01w
1050,1999,PHO,32,828,193,23,5,harrili01w
1051,2000,PHO,31,750,200,30,4,harrili01w
1052,2001,PHO,32,915,246,39,1,harrili01w
1053,2002,PHO,32,899,262,31,3,harrili01w
1054,2003,PHO,33,838,183,29,6,harrili01w
1055,2005,PHO,27,297,41,5,1,harrili01w
1056,1998,PHO,30,355,70,15,3,harrokr01w
1057,1999,PHO,32,666,143,25,4,harrokr01w
1058,2001,MIN,4,72,21,3,0,harrokr01w
1059,2002,MIN,27,481,96,12,0,harrokr01w
1060,2003,MIN,31,499,88,18,3,harrokr01w
1061,2005,MIN,34,832,156,38,1,harrokr01w
1062,2009,LAS,31,520,97,16,0,harrokr01w
1064,2004,MIN,29,350,153,7,29,haydeva01w
1065,2005,MIN,31,595,246,15,68,haydeva01w
1066,2006,MIN,33,424,177,6,44,haydeva01w
1067,2008,MIN,30,304,157,14,14,haydeva01w
1068,2009,LAS,25,269,94,4,22,haydeva01w
1069,2012,ATL,34,787,293,28,12,hayesti01w
1070,2005,SAC,30,434,104,33,1,haynikr01w
1071,2006,SAC,34,476,140,27,2,haynikr01w
1072,2007,SAC,34,545,126,18,6,haynikr01w
1073,2008,ATL,33,486,94,30,4,haynikr01w
1074,2009,DET,20,161,44,14,0,haynikr01w
1075,2009,SAC,9,156,47,13,1,haynikr01w
1076,1997,UTA,27,471,154,14,8,headde01w
1077,1998,UTA,30,467,108,30,0,headde01w
1078,2000,PHO,17,149,27,4,0,headde01w
1079,1997,SER,27,794,253,29,1,hedgpch01w
1080,1998,SER,38,335,85,24,0,hedgpch01w
1081,1999,SER,10,52,3,2,0,hedgpch01w
1082,1997,ATG,16,251,70,6,1,hemmera01w
1083,1997,COL,3,9,9,0,0,hendene01w
1084,1997,SJL,6,11,0,1,0,hendene01w
1085,2001,HOU,23,179,26,6,0,hendene01w
1086,1998,ATG,37,886,367,23,34,hendetr01w
1087,1999,NAS,14,318,164,9,12,hendetr01w
1088,1999,CLE,27,308,71,9,20,hendetr01w
1089,2002,CLE,23,173,35,3,7,hendetr01w
1090,2003,CLE,11,45,2,1,1,hendetr01w
1091,1997,SJL,40,1515,299,90,7,henniso01w
1092,1998,SJL,44,812,105,42,0,henniso01w
1093,1999,PRT,13,489,106,26,1,henniso01w
1094,1999,HOU,32,798,128,34,7,henniso01w
1095,2000,SEA,32,980,168,61,3,henniso01w
1096,2001,SEA,32,902,108,52,6,henniso01w
1097,2002,HOU,23,521,44,23,6,henniso01w
1098,2002,SEA,8,207,18,9,1,henniso01w
1099,2003,IND,23,290,24,14,0,henniso01w
1100,2003,WAS,1,5,0,1,0,henniso01w
1101,2012,ATL,34,613,162,16,30,henryan01w
1102,2000,UTA,25,341,91,7,5,herriam01w
1103,2001,UTA,32,448,121,8,14,herriam01w
1104,2002,UTA,28,269,68,9,14,herriam01w
1105,2000,SEA,20,240,53,7,1,hibbeka01w
1106,1997,UTA,26,263,83,13,11,hicksje01w
1107,2000,ORL,26,157,38,2,7,hicksje01w
1108,2001,ORL,32,456,169,23,17,hicksje01w
1109,2002,ORL,31,471,190,19,25,hicksje01w
1110,2003,CON,27,253,98,11,9,hicksje01w
1111,2004,SAS,27,371,127,17,13,hicksje01w
1112,2010,CON,20,207,54,14,2,hightal01w
1113,2011,CON,25,231,51,11,1,hightal01w
1114,2012,CON,34,827,230,43,5,hightal01w
1115,1997,NEW,40,904,339,57,6,hillec01w
1116,1998,NEW,42,392,128,32,0,hillec01w
1117,1999,CHC,12,321,73,13,0,hillec01w
1118,2000,CHA,26,213,39,5,1,hillec01w
1119,2001,PHO,3,8,0,1,0,hillec01w
1122,1998,DET,27,912,382,21,1,hledeko01w
1123,1999,DET,21,408,184,22,2,hledeko01w
1124,1999,UTA,11,277,131,8,1,hledeko01w
1125,2000,UTA,31,867,312,38,4,hledeko01w
1126,2001,UTA,27,455,151,25,1,hledeko01w
1127,2002,NYL,16,129,26,6,2,hledeko01w
1128,1998,NEW,44,1187,397,36,5,hodgeda01w
1129,1999,NEW,13,283,76,12,2,hodgeda01w
1130,2004,LAS,24,245,43,10,2,hodgedo01w
1131,2005,LAS,32,669,178,18,7,hodgedo01w
1132,2006,LAS,34,456,131,14,4,hodgedo01w
1133,2007,SEA,6,33,10,1,0,hodgedo01w
1134,2008,IND,8,56,16,3,1,hodgedo01w
1135,2011,TUL,5,101,31,4,1,hodgedo01w
1136,2005,HOU,26,188,33,3,0,hodgero01w
1137,2006,HOU,33,698,247,16,4,hodgero01w
1138,2007,HOU,29,331,102,13,0,hodgero01w
1139,2008,HOU,15,274,110,5,2,hodgero01w
1140,2009,MIN,33,902,328,21,15,hodgero01w
1141,2010,SAS,34,859,262,15,10,hodgero01w
1142,2011,SAS,28,273,109,5,2,hodgero01w
1143,2012,TUL,20,510,204,16,4,hodgero01w
1145,2004,IND,30,334,60,15,5,hoffmeb01w
1146,2005,IND,33,497,120,21,10,hoffmeb01w
1147,2006,IND,34,851,218,37,16,hoffmeb01w
1148,2007,IND,34,582,144,21,18,hoffmeb01w
1149,2008,IND,33,1013,342,47,26,hoffmeb01w
1150,2009,IND,34,1005,338,57,12,hoffmeb01w
1151,2010,IND,34,815,272,40,13,hoffmeb01w
1152,2011,LAS,34,752,256,36,9,hoffmeb01w
1153,2012,LAS,20,208,49,13,1,hoffmeb01w
1155,1999,WAS,31,1061,525,37,27,holdsch01w
1156,2000,WAS,32,1131,561,47,18,holdsch01w
1157,2001,WAS,29,975,486,44,14,holdsch01w
1158,2002,WAS,20,634,397,20,6,holdsch01w
1159,2003,WAS,27,948,554,34,15,holdsch01w
1160,2004,WAS,23,801,437,39,18,holdsch01w
1161,2005,LAS,33,1183,561,38,16,holdsch01w
1162,2006,LAS,25,739,375,34,9,holdsch01w
1163,2007,LAS,5,150,79,6,3,holdsch01w
1164,2009,ATL,25,708,348,34,7,holdsch01w
1165,2010,SAS,29,840,393,43,10,holdsch01w
1166,1998,SJL,43,1051,375,96,6,hollake01w
1167,1999,SJL,15,522,220,21,7,hollake01w
1168,1999,SAC,32,1034,379,63,10,hollake01w
1169,2000,SAC,32,934,312,43,5,hollake01w
1170,2001,SAC,32,874,322,56,5,hollake01w
1171,2002,SAC,32,902,296,41,5,hollake01w
1172,2003,DET,34,694,312,36,3,hollake01w
1173,2004,HOU,27,703,177,40,3,hollake01w
1174,2006,DET,34,397,140,23,2,hollake01w
1175,2009,MIN,34,434,164,12,8,holliqu01w
1176,2010,MIN,25,182,43,5,1,holliqu01w
1177,2011,NYL,31,524,144,16,10,holliqu01w
1178,1998,SER,44,732,195,36,18,holmejo01w
1179,1999,NAS,15,363,104,24,7,holmejo01w
1180,2000,DET,29,271,91,11,4,holmejo01w
1181,2008,HOU,17,203,52,8,1,holmese01w
1182,2010,PHO,15,119,27,6,0,holmese01w
1183,2008,CON,34,714,222,15,5,holtam01w
1184,2009,CON,23,380,137,9,2,holtam01w
1185,2010,TUL,33,697,288,30,7,holtam01w
1186,2011,TUL,26,666,175,18,3,holtam01w
1187,2012,TUL,24,456,140,11,0,holtam01w
1188,2000,UTA,3,4,2,0,0,hopeky01w
1189,1997,CHA,6,29,16,1,0,hopsosu01w
1190,2008,DET,34,747,184,79,10,hornbal01w
1191,2009,DET,32,850,213,42,9,hornbal01w
1192,2010,MIN,13,194,39,18,3,hornbal01w
1193,2010,TUL,15,316,87,23,10,hornbal01w
1194,2011,MIN,29,208,31,10,3,hornbal01w
1195,2012,PHO,34,865,221,42,17,hornbal01w
1196,2008,MIN,33,581,292,30,13,houstch01w
1197,2009,MIN,34,792,445,43,21,houstch01w
1198,2010,MIN,34,758,402,43,20,houstch01w
1199,2011,MIN,27,210,77,9,2,houstch01w
1200,2012,PHO,27,694,325,34,10,houstch01w
1201,2010,WAS,20,110,17,6,0,houtsas01w
1202,1999,CLE,4,15,0,0,0,howarje01w
1203,1997,COL,40,756,204,17,1,howarme01w
1204,1998,COL,36,302,65,9,0,howarme01w
1205,1999,SJL,8,20,2,2,1,hudsopa01w
1208,2008,DET,22,297,160,13,6,humphta01w
1209,2008,WAS,8,212,89,4,2,humphta01w
1210,2009,MIN,19,340,150,12,6,humphta01w
1211,2009,WAS,9,67,20,1,3,humphta01w
1212,2011,SEA,3,8,0,0,0,ibekwif01w
1213,2005,PHO,12,122,44,5,6,irvinsa01w
1214,2006,PHO,7,38,7,2,8,irvinsa01w
1215,2007,SAS,23,128,27,3,10,irvinsa01w
1216,2008,SAS,21,116,26,3,5,irvinsa01w
1217,2010,CHI,18,137,35,2,6,irvinsa01w
1218,2011,ATL,30,248,54,6,15,irvinsa01w
1219,1999,UTA,14,67,11,4,0,ivanyda01w
1220,2000,UTA,27,489,93,25,3,ivanyda01w
1221,2003,PHO,4,34,6,0,1,ivanyda01w
1222,2005,SAS,30,577,75,26,0,ivanyda01w
1223,2006,SAS,31,322,42,12,0,ivanyda01w
1224,2001,IND,32,708,115,33,5,iveyni01w
1225,2002,IND,31,439,86,16,3,iveyni01w
1226,2003,IND,27,651,135,29,7,iveyni01w
1227,2004,IND,15,179,34,4,3,iveyni01w
1228,2005,DET,12,102,14,6,0,iveyni01w
1229,2005,PHO,14,152,24,6,0,iveyni01w
1230,1998,WAS,6,36,10,1,2,jacksan01w
1231,2002,CLE,18,143,55,2,1,jacksde01w
1232,2003,CLE,34,763,245,20,13,jacksde01w
1233,2004,IND,34,804,236,29,6,jacksde01w
1234,2005,IND,34,472,162,17,12,jacksde01w
1235,2006,CHI,22,328,132,9,3,jacksde01w
1236,2003,SAS,33,975,289,15,17,jacksgw01w
1237,2004,PHO,14,136,56,3,1,jacksgw01w
1238,2004,SAS,19,290,61,3,3,jacksgw01w
1239,2005,PHO,11,121,31,0,3,jacksgw01w
1240,2001,SEA,29,1001,442,54,64,jacksla01w
1241,2002,SEA,28,882,482,30,81,jacksla01w
1242,2003,SEA,33,1109,698,38,64,jacksla01w
1243,2004,SEA,31,1070,634,31,62,jacksla01w
1244,2005,SEA,34,1176,597,36,67,jacksla01w
1245,2006,SEA,30,848,585,24,51,jacksla01w
1246,2007,SEA,31,1020,739,31,63,jacksla01w
1247,2008,SEA,21,694,425,31,33,jacksla01w
1248,2009,SEA,26,843,499,38,45,jacksla01w
1249,2010,SEA,32,993,656,30,38,jacksla01w
1250,2011,SEA,13,322,158,13,11,jacksla01w
1251,2012,SEA,9,167,92,4,7,jacksla01w
1252,1997,HOU,28,545,115,45,10,jacksta01w
1253,1998,HOU,19,160,24,4,5,jacksta01w
1254,1998,WAS,2,14,4,0,0,jacksta01w
1255,1999,HOU,28,382,74,15,20,jacksta01w
1256,2000,HOU,29,339,76,12,9,jacksta01w
1257,2001,HOU,32,442,104,22,11,jacksta01w
1258,2002,HOU,5,69,6,3,3,jacksta01w
1259,2000,DET,17,267,116,22,0,jacksta02w
1260,2001,POR,32,497,132,28,0,jacksta02w
1261,2002,POR,32,692,314,55,1,jacksta02w
1262,2003,PHO,34,958,300,52,4,jacksta02w
1263,2004,WAS,25,405,135,20,1,jacksta02w
1264,2005,WAS,8,66,9,5,0,jacksta02w
1265,2006,PHO,3,54,24,6,1,jacksta02w
1266,1997,PHO,26,320,74,23,8,jacksti01w
1267,2007,NYL,34,474,173,23,12,jacksti02w
1268,2008,NYL,25,496,208,24,8,jacksti02w
1269,2009,NYL,34,495,180,21,13,jacksti02w
1270,2010,NYL,9,124,39,6,1,jacksti02w
1271,2010,TUL,25,593,190,34,8,jacksti02w
1272,2011,TUL,34,1152,423,40,21,jacksti02w
1273,2004,MIN,32,391,101,13,0,jacobam01w
1274,2005,MIN,33,478,121,19,4,jacobam01w
1275,2006,MIN,34,861,279,26,2,jacobam01w
1276,2007,MIN,29,328,93,9,0,jacobam01w
1277,2008,LAS,5,61,10,0,0,jacobam01w
1278,2008,WAS,6,82,10,3,0,jacobam01w
1279,1997,PRT,22,228,34,9,0,jacobje01w
1280,1998,PRT,4,24,0,0,0,jacobje01w
1281,2006,WAS,21,160,57,4,2,jamesta01w
1282,2007,WAS,31,401,167,25,4,jamesta01w
1283,2009,IND,33,683,227,36,3,januabr01w
1284,2010,IND,30,657,222,37,4,januabr01w
1285,2011,IND,10,286,86,15,0,januabr01w
1286,2012,IND,31,879,320,36,4,januabr01w
1287,2009,CON,27,644,255,9,0,jekaban01w
1288,2010,CON,19,352,144,9,5,jekaban01w
1290,2007,CHI,19,271,95,17,1,joensca01w
1291,2008,CHI,26,272,99,5,2,joensca01w
1292,1997,CLE,25,194,53,5,1,johnsad01w
1293,1998,CLE,29,330,133,7,4,johnsad01w
1294,1999,ORL,29,224,57,5,2,johnsad01w
1295,2000,ORL,32,1100,436,24,3,johnsad01w
1296,2002,ORL,32,602,166,15,2,johnsad01w
1297,2003,CON,34,584,173,17,1,johnsad01w
1298,2003,LAS,8,45,6,0,1,johnsch01w
1299,1997,NEW,38,603,274,23,6,johnsda01w
1300,2012,TUL,34,958,392,73,20,johnsgl01w
1301,2001,ORL,17,139,35,4,3,johnsja01w
1302,1998,UTA,28,490,151,11,1,johnsla01w
1303,1999,UTA,31,718,203,21,8,johnsla01w
1304,2000,UTA,29,481,144,12,2,johnsla01w
1305,2001,UTA,26,228,50,2,1,johnsla01w
1306,2002,UTA,28,269,75,7,2,johnsla01w
1307,2003,SAS,31,279,58,3,1,johnsla01w
1308,2004,HOU,6,36,6,2,0,johnsla01w
1309,1998,WAS,7,15,2,0,0,johnsle01w
1310,1997,ATG,39,1438,442,91,13,johnsni01w
1311,1998,ATG,12,406,83,21,0,johnsni01w
1312,1998,LON,32,788,273,35,5,johnsni01w
1313,1999,SER,15,552,145,35,3,johnsni01w
1314,1999,CHA,31,296,47,10,2,johnsni01w
1315,2000,CHA,6,78,26,4,0,johnsni01w
1316,1998,CHA,24,180,62,3,2,johnspo01w
1317,2000,CLE,12,57,17,0,1,johnspo01w
1318,2001,CLE,18,119,28,0,2,johnspo01w
1319,2002,MIA,31,801,217,27,15,johnspo01w
1320,2003,CLE,30,416,89,12,10,johnspo01w
1321,2004,HOU,19,157,22,4,3,johnspo01w
1322,1997,CLS,40,1275,409,69,6,johnssh01w
1323,1998,CLS,44,1408,484,87,13,johnssh01w
1324,1999,CLS,14,482,211,24,5,johnssh01w
1325,1999,ORL,32,1147,447,54,12,johnssh01w
1326,2000,ORL,32,1126,381,58,7,johnssh01w
1327,2001,ORL,26,785,302,34,6,johnssh01w
1328,2002,ORL,31,1110,499,51,7,johnssh01w
1329,2003,CON,34,1107,420,44,3,johnssh01w
1330,2004,SAS,31,954,287,48,4,johnssh01w
1331,2005,SAS,34,1104,317,46,5,johnssh01w
1332,2006,SAS,32,874,318,60,5,johnssh01w
1333,2007,DET,33,559,193,20,2,johnssh01w
1334,2008,HOU,33,1014,253,52,9,johnssh01w
1335,2009,SEA,34,618,137,27,7,johnssh01w
1336,2012,SAS,34,581,192,27,6,johnssh02w
1337,2005,WAS,34,973,315,44,1,johnste01w
1338,2006,LAS,32,808,255,47,1,johnste01w
1339,2007,LAS,11,206,70,8,1,johnste01w
1340,2008,LAS,23,393,96,24,2,johnste01w
1341,2009,PHO,34,901,328,29,4,johnste01w
1342,2010,PHO,34,928,313,32,7,johnste01w
1343,2011,PHO,30,717,192,24,5,johnste01w
1344,2012,TUL,29,833,353,34,1,johnste01w
1345,1998,SAC,6,32,2,2,0,johnsti01w
1346,2000,HOU,31,687,131,10,16,johnsti01w
1347,2001,HOU,32,672,148,12,15,johnsti01w
1348,2002,HOU,32,815,201,17,24,johnsti01w
1349,2003,HOU,22,359,77,3,7,johnsti01w
1350,2004,HOU,33,660,142,9,17,johnsti01w
1351,2006,SEA,32,643,150,10,17,johnsti01w
1352,1997,NYL,26,789,247,19,4,johnsvi01w
1353,1998,NYL,30,905,376,31,7,johnsvi01w
1354,1999,NYL,32,1082,427,44,1,johnsvi01w
1355,2000,NYL,31,1023,380,22,5,johnsvi01w
1356,2001,NYL,32,939,353,35,4,johnsvi01w
1357,2002,NYL,31,1028,359,27,4,johnsvi01w
1358,2003,NYL,32,1042,430,29,7,johnsvi01w
1359,2004,NYL,34,1119,321,25,4,johnsvi01w
1360,2005,NYL,34,1023,353,23,2,johnsvi01w
1361,2006,SAS,34,1004,337,28,3,johnsvi01w
1362,2007,SAS,30,852,243,34,8,johnsvi01w
1363,2008,SAS,32,892,213,26,5,johnsvi01w
1364,2009,SAS,32,737,204,16,4,johnsvi01w
1365,1999,CLE,1,4,0,0,0,jollyke01w
1366,2002,WAS,32,612,208,13,17,jonesas01w
1367,2003,WAS,34,748,290,16,25,jonesas01w
1368,2004,CON,34,699,235,20,18,jonesas01w
1369,2005,CON,33,705,301,10,7,jonesas01w
1370,2006,CON,34,777,377,23,20,jonesas01w
1371,2007,CON,30,942,459,25,23,jonesas01w
1372,2008,CON,33,963,561,20,26,jonesas01w
1373,2009,CON,23,727,384,20,13,jonesas01w
1374,2010,CON,30,774,323,13,13,jonesas01w
1375,2011,CON,34,971,453,21,16,jonesas01w
1376,2012,CON,20,558,243,19,11,jonesas01w
1377,2004,DET,31,397,107,18,5,jonesch01w
1378,2005,DET,21,329,125,13,2,jonesch01w
1379,2005,MIN,10,281,81,13,3,jonesch01w
1380,2006,MIN,6,38,17,1,0,jonesch01w
1381,2000,MIA,21,233,68,8,0,jonesja01w
1383,2000,CHA,9,54,19,0,1,jonesla01w
1384,2010,TUL,33,311,111,18,7,jonesma01w
1385,2011,TUL,14,91,10,7,2,jonesma01w
1386,1997,CLE,28,589,229,23,3,jonesme01w
1387,1998,CLE,30,683,286,32,3,jonesme01w
1388,1999,CLE,32,853,347,41,5,jonesme01w
1389,2000,CLE,32,948,352,29,2,jonesme01w
1390,2001,CLE,30,998,404,29,4,jonesme01w
1391,2002,CLE,32,1094,391,44,4,jonesme01w
1392,2003,CLE,34,672,164,22,3,jonesme01w
1393,2004,DET,33,517,180,19,2,jonesme01w
1394,1998,PHO,6,30,15,0,0,jordapa01w
1395,1998,SAC,18,247,59,14,12,jordapa01w
1396,1997,RIC,17,95,16,2,0,joyneja01w
1397,1997,SJL,40,973,399,12,15,kaplaan01w
1398,1998,SJL,40,449,144,8,11,kaplaan01w
1399,1999,CHC,12,275,57,7,3,kaplaan01w
1400,1998,DET,10,58,14,3,0,kausaan01w
1401,2008,SAC,33,551,243,18,5,kellycr01w
1402,2009,DET,11,84,31,4,1,kellycr01w
1403,2009,SAC,23,283,98,7,2,kellycr01w
1404,2010,SAS,26,242,79,7,1,kellycr01w
1407,2005,MIN,3,17,3,0,1,kingbsu01w
1408,2001,DET,29,625,169,31,8,kingija01w
1409,2004,DET,5,15,3,0,0,kingija01w
1410,2004,PHO,13,128,20,5,2,kingija01w
1411,2006,SAS,18,115,25,6,0,kingija01w
1412,2012,PHO,15,234,107,6,2,kizerly01w
1413,2002,IND,11,39,5,1,1,klimezu01w
1414,2003,IND,1,3,2,0,0,klimezu01w
1416,2011,SEA,18,123,26,5,6,kobryew01w
1417,2012,SEA,33,438,158,16,14,kobryew01w
1418,2005,WAS,30,230,113,2,0,koehnla01w
1419,2006,WAS,32,161,71,2,2,koehnla01w
1420,2007,WAS,28,109,40,0,0,koehnla01w
1421,2008,WAS,30,144,71,0,0,koehnla01w
1422,2012,ATL,23,112,41,2,0,koehnla01w
1423,2001,PHO,12,75,21,3,0,korstil01w
1424,1997,UTA,13,268,44,9,4,kossgr01w
1425,2006,HOU,32,266,67,7,0,kostaan01w
1426,1997,PRT,36,436,104,10,4,kostita01w
1427,1998,CLE,5,30,5,0,0,kostita01w
1428,2000,MIA,5,46,7,2,0,kostita01w
1429,2005,NYL,17,196,69,4,8,kraayca01w
1430,2006,NYL,34,903,298,16,15,kraayca01w
1431,2007,NYL,34,967,366,32,20,kraayca01w
1432,2008,NYL,34,961,326,28,26,kraayca01w
1433,2009,NYL,34,888,307,22,13,kraayca01w
1434,2010,CHI,34,722,178,21,19,kraayca01w
1435,2011,CHI,33,681,195,21,8,kraayca01w
1436,2012,ATL,33,507,152,14,16,kraayca01w
1437,2000,PHO,4,19,6,0,0,kubikni01w
1438,2001,PHO,3,21,2,4,0,kubikni01w
1439,1998,PHO,29,340,97,18,4,kukloan01w
1440,1999,PHO,5,13,0,0,0,kukloan01w
1441,2010,SEA,21,144,16,6,1,laceyal01w
1443,2006,PHO,33,504,162,12,12,lacyje01w
1444,2007,PHO,20,94,35,3,0,lacyje01w
1445,2008,ATL,33,605,189,18,6,lacyje01w
1446,2009,ATL,32,362,96,9,7,lacyje01w
1447,2010,TUL,24,402,167,19,7,lacyje01w
1448,2011,TUL,34,653,213,20,17,lacyje01w
1449,2012,TUL,26,573,222,16,9,lacyje01w
1450,2010,TUL,16,293,101,23,3,lacyna01w
1451,2011,LAS,29,394,145,28,9,lacyna01w
1452,2012,WAS,20,259,77,13,5,lacyna01w
1453,1997,SER,13,242,96,9,3,lacyve01w
1454,1998,LON,41,904,420,26,27,lacyve01w
1455,1999,NAS,15,232,113,9,4,lacyve01w
1456,1999,NYL,17,111,32,3,4,lacyve01w
1457,2000,NYL,2,18,6,0,0,lacyve01w
1459,2002,CHA,3,16,2,1,0,lambesh01w
1460,2003,DET,27,187,87,5,0,lambesh01w
1461,2004,HOU,34,788,197,26,4,lambesh01w
1462,2005,DET,12,152,33,8,1,lambesh01w
1463,1998,HOU,30,649,161,24,21,lambmo01w
1464,1999,HOU,3,36,13,0,2,lambmo01w
1465,2000,HOU,13,140,26,2,4,lambmo01w
1466,1999,PHO,1,3,0,0,0,langeme01w
1467,2008,WAS,34,529,164,15,6,langhcr01w
1468,2009,WAS,34,1013,408,34,13,langhcr01w
1469,2010,WAS,34,1158,555,30,7,langhcr01w
1470,2011,WAS,31,1063,563,39,15,langhcr01w
1471,2012,WAS,31,999,456,46,4,langhcr01w
1472,1997,SJL,29,254,128,8,1,langja01w
1473,1999,UTA,25,204,62,10,2,larakr01w
1474,2008,NYL,27,335,129,10,7,larkier01w
1475,2009,NYL,18,137,44,9,4,larkier01w
1476,2012,IND,34,526,141,34,5,larkier01w
1477,2001,HOU,32,613,138,16,21,lassiam01w
1478,2002,HOU,6,46,1,2,2,lassiam01w
1479,2002,SEA,24,554,126,27,19,lassiam01w
1480,2003,SEA,32,733,163,27,26,lassiam01w
1481,2004,MIN,33,563,127,21,22,lassiam01w
1482,2005,MIN,31,388,107,14,4,lassiam01w
1483,2006,CHI,32,778,257,42,17,lassiam01w
1484,2007,DET,31,221,93,8,2,lattaiv01w
1485,2008,ATL,34,960,388,45,1,lattaiv01w
1486,2009,ATL,24,350,146,13,1,lattaiv01w
1487,2010,TUL,18,517,224,18,2,lattaiv01w
1488,2011,TUL,24,684,293,29,2,lattaiv01w
1489,2012,TUL,34,962,487,31,3,lattaiv01w
1490,2011,LAS,33,487,217,6,12,lavenja01w
1491,2012,LAS,34,490,189,9,18,lavenja01w
1492,2005,HOU,17,114,25,2,1,lawsoed01w
1493,2005,NYL,2,12,2,0,0,lawsoed01w
1494,2006,SEA,26,209,43,15,1,lawsoed01w
1495,2008,SAS,30,280,100,12,0,lawsoed01w
1496,2009,SAS,33,583,172,29,1,lawsoed01w
1497,2010,SAS,33,724,216,35,2,lawsoed01w
1498,2003,SAC,34,769,263,15,5,lawsoka01w
1499,2004,SAC,34,827,294,21,8,lawsoka01w
1500,2005,SAC,24,508,192,13,3,lawsoka01w
1501,2006,SAC,34,749,277,20,4,lawsoka01w
1502,2007,SAC,34,774,375,29,8,lawsoka01w
1503,2008,SAC,32,829,391,28,2,lawsoka01w
1504,2009,SAC,25,604,220,16,1,lawsoka01w
1505,2010,CON,34,854,282,14,0,lawsoka01w
1506,2011,CON,33,832,342,23,1,lawsoka01w
1507,2012,CON,34,1,512,27,5,lawsoka01w
1509,2001,NYL,8,55,17,3,0,lazicka01w
1510,2009,ATL,34,707,102,18,3,lehnish01w
1511,2010,ATL,33,775,123,25,6,lehnish01w
1512,2011,ATL,18,218,38,8,2,lehnish01w
1513,2000,MIN,32,984,541,53,9,lennobe01w
1514,2001,MIN,11,241,121,10,4,lennobe01w
1515,2002,MIA,26,581,310,25,5,lennobe01w
1516,2002,MIN,5,138,31,5,0,lennobe01w
1517,2003,CLE,34,560,258,14,4,lennobe01w
1518,2004,SEA,32,920,358,34,3,lennobe01w
1519,2005,SEA,28,800,346,35,5,lennobe01w
1520,2006,SEA,34,891,465,36,5,lennobe01w
1521,2007,SEA,34,937,454,36,5,lennobe01w
1522,2008,ATL,34,1010,595,45,3,lennobe01w
1523,2009,LAS,30,640,306,26,4,lennobe01w
1524,2010,LAS,11,128,54,2,0,lennobe01w
1525,2011,TUL,9,55,17,2,0,lennobe01w
1526,1997,LAS,28,902,445,39,59,leslili01w
1527,1998,LAS,28,898,549,42,60,leslili01w
1528,1999,LAS,32,930,500,36,49,leslili01w
1529,2000,LAS,32,1028,570,31,74,leslili01w
1530,2001,LAS,31,1033,606,34,71,leslili01w
1531,2002,LAS,31,1060,523,46,90,leslili01w
1532,2003,LAS,23,792,424,31,63,leslili01w
1533,2004,LAS,34,1150,598,50,98,leslili01w
1534,2005,LAS,34,1096,517,67,71,leslili01w
1535,2006,LAS,34,1043,680,51,57,leslili01w
1536,2008,LAS,33,1059,497,49,97,leslili01w
1537,2009,LAS,23,638,354,16,33,leslili01w
1538,2006,CHA,4,38,12,0,1,leuchye01w
1539,2007,WAS,6,29,4,2,0,leuchye01w
1540,2010,ATL,32,339,133,16,8,leuchye01w
1541,2012,ATL,19,260,58,9,9,leuchye01w
1542,2001,LAS,13,67,20,5,1,levanni01w
1543,1997,CHA,27,622,109,21,3,levesni01w
1545,2002,SEA,14,57,18,2,0,lewista01w
1546,2001,HOU,29,419,97,11,4,lewisty01w
1547,2002,HOU,17,145,34,3,3,lewisty01w
1548,2003,CHA,23,234,70,10,6,lewisty01w
1549,2004,CHA,34,617,246,27,7,lewisty01w
1550,2005,CHA,10,166,47,3,3,lewisty01w
1551,2005,MIN,11,90,28,3,1,lewisty01w
1552,2006,MIN,19,202,46,12,5,lewisty01w
1553,1997,PHO,25,279,64,15,2,liebena01w
1554,2008,DET,1,9,0,0,0,liebena01w
1555,2010,PHO,21,227,70,11,1,lilleta01w
1556,1997,NEW,12,89,36,6,2,listr01w
1557,2007,SAS,34,711,132,30,11,littlca01w
1558,2008,ATL,13,221,62,10,7,littlca01w
1559,2008,SEA,19,442,185,18,6,littlca01w
1560,2009,SEA,34,1044,341,39,13,littlca01w
1561,2010,SEA,34,838,345,55,21,littlca01w
1562,2011,SEA,33,887,318,45,22,littlca01w
1563,2012,SEA,34,947,384,24,17,littlca01w
1564,1997,CLS,36,841,249,55,13,lloydan01w
1565,1998,CLS,44,1238,353,75,10,lloydan01w
1566,1999,CLS,11,113,34,5,2,lloydan01w
1567,1999,MIN,32,899,214,30,12,lloydan01w
1568,2000,MIN,14,333,75,12,2,lloydan01w
1569,1997,NYL,28,939,348,26,51,lobore01w
1570,1998,NYL,30,875,350,17,33,lobore01w
1571,1999,NYL,1,1,0,0,0,lobore01w
1572,2001,NYL,16,85,17,2,0,lobore01w
1573,2002,HOU,21,132,34,1,5,lobore01w
1574,2003,CON,25,297,59,6,15,lobore01w
1575,1997,ATG,39,1029,503,44,52,lovelst01w
1576,1998,ATG,44,1319,616,61,35,lovelst01w
1577,1999,NEW,12,279,123,14,8,lovelst01w
1578,2000,SEA,23,324,99,13,2,lovelst01w
1579,2001,SEA,22,211,76,8,5,lovelst01w
1580,2004,MIN,34,388,121,18,9,lovelst01w
1581,2005,MIN,34,594,209,24,11,lovelst01w
1582,2006,CHI,34,623,253,19,20,lovelst01w
1583,2007,WAS,9,105,24,4,0,lovelst01w
1584,2008,ATL,15,258,91,17,10,lovelst01w
1585,2008,DET,7,44,10,1,0,lovelst01w
1587,2001,PHO,1,8,0,0,1,luckepa01w
1588,2001,WAS,32,489,164,28,5,luzhe01w
1589,2002,WAS,32,474,187,18,5,luzhe01w
1590,2003,WAS,20,165,59,6,2,luzhe01w
1591,2005,HOU,33,460,140,20,3,lyttlsa01w
1592,2006,HOU,29,380,106,25,4,lyttlsa01w
1593,2007,HOU,31,506,183,37,20,lyttlsa01w
1594,2008,HOU,27,489,222,40,27,lyttlsa01w
1595,2009,ATL,34,931,443,68,22,lyttlsa01w
1596,2010,ATL,32,930,411,55,20,lyttlsa01w
1597,2011,ATL,22,577,221,52,12,lyttlsa01w
1598,2012,ATL,34,1074,476,82,23,lyttlsa01w
1599,1997,LAS,21,325,126,23,6,mabikmw01w
1600,1998,LAS,29,710,237,30,9,mabikmw01w
1601,1999,LAS,32,938,347,44,15,mabikmw01w
1602,2000,LAS,32,940,394,58,18,mabikmw01w
1603,2001,LAS,28,828,313,39,11,mabikmw01w
1604,2002,LAS,32,1050,539,38,9,mabikmw01w
1605,2003,LAS,32,1042,441,30,18,mabikmw01w
1606,2004,LAS,31,965,445,36,3,mabikmw01w
1607,2005,LAS,17,367,99,15,0,mabikmw01w
1608,2006,LAS,32,679,272,19,6,mabikmw01w
1609,2007,LAS,33,762,267,28,4,mabikmw01w
1610,2008,HOU,20,327,92,10,0,mabikmw01w
1611,2004,LAS,25,410,152,21,6,macchla01w
1612,2005,LAS,13,148,63,8,1,macchla01w
1613,1998,SJL,44,938,403,46,10,machacl01w
1614,1999,SJL,15,435,201,24,4,machacl01w
1615,1999,LAS,28,245,74,8,3,machacl01w
1616,2000,LAS,31,421,110,13,4,machacl01w
1617,2001,CHA,30,580,163,16,16,machacl01w
1618,2002,ORL,29,428,138,12,4,machacl01w
1620,2006,CON,31,351,76,7,1,mahonme01w
1621,2007,CON,18,121,31,4,1,mahonme01w
1622,2000,NYL,15,158,27,2,1,mahonsh01w
1623,2002,PHO,3,13,5,0,0,mahonsh01w
1625,2002,SAC,23,197,40,15,3,maigaha01w
1626,2003,SAC,22,190,42,18,2,maigaha01w
1627,2004,SAC,34,480,140,29,6,maigaha01w
1628,2005,SAC,34,408,129,24,6,maigaha01w
1629,2006,SAC,34,537,177,32,9,maigaha01w
1630,2007,HOU,34,1008,310,57,3,maigaha01w
1631,2008,HOU,26,590,202,33,8,maigaha01w
1632,2009,SAC,34,676,303,31,8,maigaha01w
1633,2010,MIN,34,467,108,13,5,maigaha01w
1634,1998,ATG,6,41,6,2,0,malcona01w
1635,1999,SER,15,155,66,5,3,malcona01w
1636,2001,IND,31,705,257,13,3,malcona01w
1637,2002,IND,29,599,156,13,3,malcona01w
1638,1998,PHR,31,196,33,8,0,malloam01w
1639,2003,PHO,6,44,10,1,4,malloso01w
1640,2007,CON,26,482,147,20,2,maltsev01w
1641,1997,CHA,28,438,137,25,5,mannish01w
1642,1998,CHA,30,575,162,32,7,mannish01w
1643,1999,CHA,32,521,139,28,4,mannish01w
1644,2000,MIA,24,403,103,23,4,mannish01w
1645,2005,MIN,24,185,71,8,1,mannkr01w
1646,2006,MIN,33,894,245,19,7,mannkr01w
1647,2007,MIN,34,882,258,31,7,mannkr01w
1648,2008,ATL,13,223,45,8,4,mannkr01w
1649,2008,IND,5,31,2,1,1,mannkr01w
1650,2009,WAS,16,95,25,3,0,mannkr01w
1651,2010,MIN,5,15,3,0,0,mannkr01w
1652,1997,CHA,28,710,326,21,12,mapprh01w
1653,1998,CHA,21,456,212,13,8,mapprh01w
1654,1999,CHA,30,790,286,25,13,mapprh01w
1655,2000,CHA,30,856,357,30,24,mapprh01w
1656,2001,LAS,30,395,126,16,6,mapprh01w
1657,2003,LAS,24,255,62,7,6,mapprh01w
1658,1997,PRT,40,1112,427,60,4,marcimi01w
1659,1998,PHR,35,699,211,39,7,marcimi01w
1660,1999,NAS,15,390,142,19,0,marcimi01w
1661,2000,POR,32,537,177,37,6,marcimi01w
1662,2001,SEA,27,392,132,30,2,marcimi01w
1663,2002,SEA,23,280,72,11,2,marcimi01w
1664,2010,MIN,4,12,2,1,1,margiga01w
1665,2000,MIN,30,456,132,17,13,martima01w
1666,2001,MIN,31,494,95,17,15,martima01w
1667,2005,MIN,1,2,0,0,0,martinu01w
1668,2010,MIN,15,128,27,5,0,martinu01w
1669,2004,LAS,17,116,28,1,0,mascira01w
1670,2005,LAS,33,463,122,15,1,mascira01w
1671,2008,LAS,29,412,126,8,1,mascira01w
1672,1997,ATG,39,743,277,21,4,maslemi01w
1673,1998,COL,19,45,9,0,0,maslemi01w
1674,2005,CHA,10,56,9,1,0,matteca01w
1676,1997,CLE,9,63,19,4,0,maxwean01w
1677,1999,WAS,20,141,34,5,1,maxwemo01w
1678,2000,IND,32,1029,332,49,16,maxwemo01w
1679,2001,IND,15,238,47,5,3,maxwemo01w
1680,2002,IND,18,170,35,7,4,maxwemo01w
1681,1997,RIC,33,263,48,8,5,maytuet01w
1682,2004,CHA,34,339,79,7,2,mazzake01w
1683,2005,CHA,27,226,64,9,0,mazzake01w
1684,2006,CHA,34,725,302,47,6,mazzake01w
1685,2007,PHO,34,488,182,26,2,mazzake01w
1686,2008,PHO,34,641,197,24,2,mazzake01w
1687,2009,PHO,31,433,106,10,3,mazzake01w
1688,2011,ATL,6,34,3,1,0,mazzake01w
1689,2002,CLE,31,392,83,11,3,mccaibr01w
1690,2000,ORL,25,214,51,3,1,mccaiti01w
1691,2001,ORL,32,442,97,10,8,mccaiti01w
1692,2002,ORL,16,51,7,3,0,mccaiti01w
1693,2009,MIN,34,482,145,15,10,mccanra01w
1694,2010,MIN,17,268,95,10,2,mccanra01w
1695,2010,TUL,6,106,35,5,3,mccanra01w
1696,2005,CHA,28,311,50,12,7,mccarja01w
1697,2006,CHA,30,421,136,17,20,mccarja01w
1698,2007,NYL,32,677,332,39,20,mccarja01w
1699,2008,NYL,31,816,425,45,26,mccarja01w
1700,2009,NYL,32,848,393,41,44,mccarja01w
1701,2010,NYL,34,967,298,46,23,mccarja01w
1702,1999,CHC,6,45,16,3,1,mccarjo01w
1703,1999,CHA,30,563,159,19,2,mccarst01w
1704,2000,IND,32,635,230,31,6,mccarst01w
1705,2001,IND,30,504,169,26,14,mccarst01w
1706,2003,IND,28,577,194,34,6,mccarst01w
1707,2004,IND,22,450,91,24,5,mccarst01w
1708,1998,ATG,34,1032,414,30,39,mcclaka01w
1709,1998,CLE,28,882,240,49,5,mcconsu01w
1710,1999,CLE,18,511,108,10,2,mcconsu01w
1711,2000,CLE,32,705,173,15,1,mcconsu01w
1712,2009,ATL,34,735,435,74,12,mccouan01w
1713,2010,ATL,34,1044,716,66,21,mccouan01w
1714,2011,ATL,33,921,712,72,32,mccouan01w
1715,2012,ATL,24,718,514,60,27,mccouan01w
1716,2011,CON,34,513,199,16,4,mccrada01w
1717,2012,CON,28,389,135,17,0,mccrada01w
1718,1997,CLS,40,1324,797,69,2,mccrani01w
1719,1998,WAS,29,969,512,43,2,mccrani01w
1720,1999,WAS,32,1043,561,34,1,mccrani01w
1721,2000,WAS,32,1046,497,45,5,mccrani01w
1722,2001,WAS,32,828,351,26,0,mccrani01w
1723,2002,IND,32,1058,369,28,3,mccrani01w
1724,2003,IND,34,734,131,37,2,mccrani01w
1725,2004,PHO,27,371,69,7,0,mccrani01w
1726,2005,SAS,23,302,38,11,0,mccrani01w
1727,2006,CHI,11,86,22,7,1,mccrani01w
1728,1998,ATG,32,643,161,30,4,mccrini01w
1729,1998,LON,10,114,15,4,1,mccrini01w
1730,2000,LAS,32,488,101,29,8,mccrini01w
1731,2001,LAS,28,350,64,21,0,mccrini01w
1732,2002,LAS,32,356,51,22,3,mccrini01w
1733,2003,LAS,33,299,68,19,1,mccrini01w
1734,1999,PRT,13,99,34,6,3,mcculda01w
1735,2000,IND,29,456,175,16,22,mcculda01w
1736,2001,IND,8,90,28,0,2,mcculda01w
1737,2002,SEA,4,43,2,1,0,mcculda01w
1738,2003,SEA,7,26,2,0,0,mcculda01w
1739,1997,SAC,27,691,285,27,14,mcgeepa01w
1740,1998,LAS,30,570,203,23,24,mcgeepa01w
1741,1997,ATG,26,641,212,26,6,mcgheca01w
1742,1999,ORL,30,234,45,8,3,mcgheca01w
1743,2000,ORL,32,408,87,21,5,mcgheca01w
1744,2001,ORL,17,71,14,1,1,mcgheca01w
1745,2002,ORL,2,4,5,0,0,mcgheca01w
1747,2003,CHA,31,341,105,14,24,mckivte01w
1748,2004,CHA,9,77,35,2,6,mckivte01w
1749,2005,CHA,31,362,113,14,18,mckivte01w
1750,2007,PHO,2,5,0,0,1,mckivte01w
1751,1997,RIC,40,1287,521,83,58,mcwilta01w
1752,1998,PHR,44,1352,471,54,42,mcwilta01w
1753,1999,PHR,14,464,184,30,21,mcwilta01w
1754,1999,ORL,32,1042,420,57,38,mcwilta01w
1755,2000,ORL,32,1098,438,59,31,mcwilta01w
1756,2001,ORL,32,1059,403,52,50,mcwilta01w
1757,2002,ORL,13,383,110,19,14,mcwilta01w
1758,2003,CON,34,983,354,43,33,mcwilta01w
1759,2004,CON,34,1133,413,48,45,mcwilta01w
1760,2005,CON,34,1083,471,37,25,mcwilta01w
1761,2006,CON,32,996,410,35,31,mcwilta01w
1762,2007,LAS,29,851,321,34,30,mcwilta01w
1763,2008,DET,7,185,75,3,5,mcwilta01w
1764,2008,WAS,26,862,347,44,25,mcwilta01w
1765,2009,DET,34,1032,332,33,16,mcwilta01w
1766,2010,NYL,34,994,362,47,30,mcwilta01w
1767,2011,MIN,34,966,281,35,24,mcwilta01w
1768,2012,MIN,33,879,276,34,46,mcwilta01w
1770,1999,PHR,14,345,178,8,9,melvich01w
1771,1999,CLE,32,709,259,20,22,melvich01w
1772,2000,CLE,32,904,373,29,18,melvich01w
1773,2001,CLE,27,754,266,24,16,melvich01w
1774,2002,CLE,32,1055,399,28,18,melvich01w
1775,2003,CLE,34,1061,444,28,22,melvich01w
1776,2004,WAS,34,825,293,15,18,melvich01w
1777,2005,WAS,34,1051,397,31,14,melvich01w
1778,2006,WAS,34,999,405,34,26,melvich01w
1779,2007,CHI,29,853,288,32,22,melvich01w
1780,2007,WAS,3,82,34,6,0,melvich01w
1781,2008,CHI,34,759,278,31,10,melvich01w
1782,2009,WAS,34,756,201,34,29,melvich01w
1783,2010,WAS,34,659,177,24,17,melvich01w
1784,2004,SAC,6,39,10,0,0,mendigi01w
1785,2005,SAC,18,135,31,5,1,miaomi01w
1786,2009,DET,1,8,0,1,0,millebr01w
1788,2001,WAS,20,137,34,6,0,milleco01w
1789,2002,WAS,32,904,298,33,2,milleco01w
1790,2003,WAS,33,1076,413,39,7,milleco01w
1791,2004,WAS,33,637,160,18,3,milleco01w
1792,2005,WAS,34,500,153,26,3,milleco01w
1793,2006,WAS,34,658,206,34,4,milleco01w
1794,2007,WAS,30,455,120,19,2,milleco01w
1795,2008,WAS,34,710,179,26,5,milleco01w
1796,2009,ATL,34,407,131,12,2,milleco01w
1797,2010,ATL,27,198,85,5,0,milleco01w
1798,2011,ATL,31,538,227,18,1,milleco01w
1799,2012,LAS,10,141,26,2,0,milleco01w
1800,2001,CHA,26,225,55,9,0,milleke01w
1801,2002,CHA,32,554,211,22,1,milleke01w
1802,2003,CHA,34,523,189,18,2,milleke01w
1803,2004,IND,34,1096,348,37,5,milleke01w
1804,2005,IND,34,1057,348,40,2,milleke01w
1805,2006,PHO,27,814,296,28,6,milleke01w
1806,2007,PHO,34,1040,321,42,5,milleke01w
1807,2008,PHO,34,945,283,22,4,milleke01w
1808,2009,MIN,34,675,150,24,2,milleke01w
1809,2010,ATL,30,493,107,23,2,milleke01w
1810,2011,WAS,34,943,251,23,8,milleke01w
1811,2012,NYL,11,82,11,3,0,milleke01w
1812,1999,CHC,11,116,25,2,3,millsta01w
1813,2000,WAS,31,295,130,10,8,millsta01w
1814,2001,WAS,30,319,64,14,4,millsta01w
1815,2002,WAS,4,17,0,1,0,millsta01w
1816,2003,SAS,29,185,58,4,2,millsta01w
1817,2007,DET,5,51,15,0,0,millsta01w
1818,1998,PRT,44,1235,376,66,18,miltode01w
1819,1999,PRT,13,380,155,31,9,miltode01w
1820,1999,LAS,32,835,318,47,17,miltode01w
1821,2000,LAS,32,983,378,44,29,miltode01w
1822,2001,LAS,32,938,330,49,29,miltode01w
1823,2002,LAS,32,966,362,50,35,miltode01w
1824,2003,LAS,31,1086,416,49,41,miltode01w
1825,2004,LAS,19,604,186,23,10,miltode01w
1826,2005,WAS,33,1069,394,57,18,miltode01w
1827,2006,WAS,23,675,335,35,17,miltode01w
1828,2007,WAS,34,1141,456,52,38,miltode01w
1829,2008,LAS,31,1016,431,34,18,miltode01w
1830,2009,LAS,33,1043,338,41,8,miltode01w
1831,2010,LAS,34,1096,522,37,22,miltode01w
1832,2011,LAS,34,891,397,32,12,miltode01w
1833,2012,LAS,34,926,340,34,24,miltode01w
1834,2008,NYL,34,518,131,17,3,mitchle01w
1835,2009,NYL,34,436,80,9,2,mitchle01w
1836,2010,NYL,34,978,317,55,6,mitchle01w
1837,2011,NYL,34,864,189,44,3,mitchle01w
1838,2012,NYL,34,908,220,35,5,mitchle01w
1839,1999,NEW,13,273,73,20,0,mizrali01w
1840,2006,CHI,27,277,58,10,6,moeggli01w
1841,2007,CHI,23,206,37,3,2,moeggli01w
1842,2001,PHO,7,123,41,6,0,moisead01w
1843,2002,PHO,32,619,193,30,3,moisead01w
1844,2007,PHO,4,31,7,3,0,moisead01w
1845,2010,LAS,21,72,9,2,10,mokanch01w
1846,2010,WAS,17,117,36,5,8,monroja01w
1847,2011,TUL,4,21,0,0,0,monroja01w
1848,2009,MIN,16,169,35,9,0,montaan01w
1849,2011,NYL,30,271,75,10,7,montgal01w
1850,2012,NYL,26,210,64,15,2,montgal01w
1851,2009,MIN,34,764,306,25,9,montgre01w
1852,2010,CON,34,940,453,47,3,montgre01w
1853,2011,CON,34,991,495,49,3,montgre01w
1854,2012,CON,34,816,396,35,3,montgre01w
1855,2002,IND,18,128,42,5,1,mooreja01w
1856,2005,CHA,6,49,3,0,0,mooreje01w
1857,2005,LAS,15,109,8,4,0,mooreje01w
1858,2006,LAS,34,653,147,22,9,mooreje01w
1859,2007,LAS,29,440,123,6,6,mooreje01w
1860,2008,LAS,28,309,39,4,5,mooreje01w
1861,2009,IND,31,613,148,19,6,mooreje01w
1862,2010,IND,33,431,101,6,4,mooreje01w
1863,2011,CON,29,199,48,5,2,mooreje01w
1864,2012,ATL,8,43,15,0,0,mooreje01w
1865,2012,CON,8,65,12,0,0,mooreje01w
1866,2005,NYL,24,182,22,10,0,moorelo01w
1867,2006,NYL,34,952,208,61,10,moorelo01w
1868,2007,NYL,34,1163,327,75,5,moorelo01w
1869,2008,NYL,29,809,154,44,4,moorelo01w
1870,2009,NYL,34,941,215,66,2,moorelo01w
1871,2011,MIN,34,951,449,48,16,moorema01w
1872,2012,MIN,34,1,558,50,22,moorema01w
1873,2007,MIN,19,87,21,3,0,moorena01w
1874,2008,MIN,16,125,48,4,3,moorena01w
1875,1997,CHA,28,539,135,16,11,moorepe01w
1876,1998,WAS,29,756,238,44,20,moorepe01w
1877,1999,WAS,4,19,2,0,1,moorepe01w
1878,2002,MIA,5,83,28,7,0,mooreta01w
1879,2002,MIN,26,653,196,23,9,mooreta01w
1880,2003,DET,15,66,21,4,2,mooreta01w
1881,2003,PHO,11,110,33,5,4,mooreta01w
1882,2004,PHO,32,387,82,26,9,mooreta01w
1883,2005,NYL,7,48,11,0,0,mooreta01w
1884,2006,LAS,34,634,206,33,8,mooreta01w
1885,2007,HOU,15,289,58,16,2,mooreta01w
1886,1997,HOU,13,93,16,1,0,mooreyo01w
1887,1998,HOU,30,533,98,26,0,mooreyo01w
1888,1999,ORL,23,114,26,4,0,mooreyo01w
1889,2002,MIA,2,6,0,0,1,moosca01w
1890,1997,NEW,12,100,37,9,1,morehmo01w
1891,1997,RIC,16,83,8,3,0,morgale01w
1892,1997,COL,4,17,5,0,0,morrich01w
1893,2010,IND,25,196,72,8,2,morrije01w
1894,2012,TUL,9,82,17,6,0,morrije01w
1895,1998,PRT,22,168,64,4,1,morrila01w
1896,1999,COL,2,3,0,0,0,morrila01w
1897,2012,SAS,30,166,59,3,3,morrizi01w
1898,2007,WAS,28,279,83,8,6,mosbybe01w
1899,2008,WAS,24,183,48,2,7,mosbybe01w
1900,2009,WAS,24,169,46,8,1,mosbybe01w
1901,1997,SAC,12,265,55,8,2,mosleju01w
1902,2001,POR,5,17,6,0,1,moweje01w
1903,2002,POR,5,16,1,0,0,moweje01w
1904,2003,LAS,1,21,0,0,1,moweje01w
1905,1999,SER,13,83,19,1,2,mulitna01w
1906,2000,UTA,22,291,99,4,6,mulitna01w
1907,2012,CHI,29,538,246,32,6,murphma99w
1908,2007,MIN,32,436,165,19,8,murphsh01w
1909,2008,DET,13,122,33,6,2,murphsh01w
1910,2008,MIN,2,5,2,0,0,murphsh01w
1911,2008,WAS,2,11,2,0,0,murphsh01w
1912,2009,IND,24,186,100,6,2,murphsh01w
1913,2010,CHI,11,155,56,9,0,murphsh01w
1914,2010,IND,15,221,77,8,2,murphsh01w
1915,2011,CHI,10,205,98,13,4,murphsh01w
1916,1997,SER,39,659,149,34,1,nagyan01w
1917,1998,LON,44,1458,335,57,2,nagyan01w
1918,1999,PHR,14,498,108,22,0,nagyan01w
1919,1999,WAS,32,947,162,31,3,nagyan01w
1920,2000,WAS,23,694,97,17,8,nagyan01w
1921,2001,NYL,23,213,34,2,3,nagyan01w
1922,2002,SAC,24,409,34,10,4,nagyan01w
1923,2009,CHI,26,320,97,8,9,nanch01w
1924,1998,SER,36,385,195,14,2,ndiayas01w
1925,1999,SER,15,186,74,6,4,ndiayas01w
1926,1999,DET,31,438,164,11,18,ndiayas01w
1927,2000,DET,32,868,346,23,22,ndiayas01w
1928,2001,DET,32,913,376,22,28,ndiayas01w
1929,2002,DET,32,776,275,17,12,ndiayas01w
1930,2003,DET,11,70,20,3,1,ndiayas01w
1931,2004,IND,10,74,12,1,3,ndiayas01w
1932,2006,HOU,11,127,35,1,1,ndiayas01w
1933,2007,SEA,4,58,10,1,1,ndiayas01w
1934,2006,LAS,17,111,20,7,8,ndongem01w
1935,1997,CLE,28,944,384,39,8,nemcoev01w
1936,1998,CLE,30,972,359,33,21,nemcoev01w
1937,1999,CLE,31,925,344,31,22,nemcoev01w
1938,2000,CLE,14,443,185,15,8,nemcoev01w
1939,2001,CLE,8,113,34,2,5,nemcoev01w
1940,1999,NAS,15,311,108,16,1,neroja01w
1941,1999,DET,30,306,76,16,0,nevescl01w
1942,2000,DET,30,636,179,31,1,nevescl01w
1943,2001,DET,22,407,95,21,0,nevescl01w
1944,2002,MIA,20,194,37,8,0,nevescl01w
1945,2005,SAC,34,715,148,24,9,newtoch01w
1946,2006,CHI,27,648,176,36,7,newtoch01w
1947,2007,SAC,34,696,219,31,6,newtoch01w
1948,2008,SAC,26,393,117,30,1,newtoch01w
1949,2009,SAC,23,336,68,18,3,newtoch01w
1950,2006,NYL,15,92,27,5,2,ngarsch01w
1951,2002,NYL,7,12,6,0,2,ngoyibe01w
1952,2005,SAS,26,251,111,5,2,ngoyibe01w
1953,2006,CHI,30,627,302,14,7,ngoyibe01w
1954,2008,IND,31,226,83,6,7,ngoyibe01w
1955,1997,CLE,24,273,48,10,1,nichoti01w
1956,2005,LAS,7,16,4,0,0,nieuwma01w
1957,1999,HOU,7,29,10,0,0,nikolmi01w
1958,2008,ATL,12,84,16,5,0,nnamach01w
1959,2001,DET,27,545,192,17,6,nolande01w
1960,2002,DET,32,804,277,27,12,nolande01w
1961,2003,DET,32,954,396,41,14,nolande01w
1962,2004,DET,34,1138,464,66,12,nolande01w
1963,2005,DET,33,1213,524,55,14,nolande01w
1964,2006,DET,34,1088,468,47,11,nolande01w
1965,2007,DET,34,1175,553,49,12,nolande01w
1966,2008,DET,34,1144,538,42,10,nolande01w
1967,2009,DET,33,1113,559,44,10,nolande01w
1968,2012,WAS,31,306,99,14,3,novosna01w
1969,1999,CLE,4,20,3,2,0,nygaava01w
1970,2000,POR,32,843,253,17,5,nygaava01w
1971,2001,POR,31,259,76,6,2,nygaava01w
1972,2002,MIA,29,443,120,11,1,nygaava01w
1973,2003,LAS,11,168,41,3,0,nygaava01w
1974,2008,PHO,23,180,56,7,0,ogayu01w
1975,2012,LAS,33,920,462,46,29,ogwumnn01w
1976,2011,LAS,31,507,148,12,5,oheaje01w
1977,2012,LAS,8,144,38,3,1,oheaje01w
1978,2004,MIN,34,1018,397,16,45,ohldeni01w
1979,2005,MIN,34,1038,382,21,22,ohldeni01w
1980,2006,MIN,34,870,327,20,25,ohldeni01w
1981,2007,MIN,34,922,392,17,20,ohldeni01w
1982,2008,MIN,34,559,197,10,22,ohldeni01w
1983,2009,PHO,21,311,109,5,20,ohldeni01w
1984,2010,PHO,20,222,60,3,8,ohldeni01w
1985,2010,TUL,12,301,95,8,9,ohldeni01w
1986,2010,CHI,6,30,6,1,0,olajuab01w
1987,2011,TUL,16,99,16,0,2,olajuab01w
1988,2008,SEA,11,31,0,0,0,oneilkr01w
1989,1998,SER,40,455,89,19,0,orrki01w
1990,1997,SER,14,107,30,2,0,osburde01w
1991,2006,DET,2,12,2,0,0,osipoir01w
1993,1999,WAS,17,235,36,2,4,owenhe01w
1994,2000,WAS,11,60,2,0,0,owenhe01w
1995,2000,MIA,31,605,131,11,26,owenssh01w
1996,2002,CHA,2,6,0,0,0,owenssh01w
1997,2008,CON,3,12,6,0,0,pageda01w
1998,1998,WAS,30,955,249,19,13,pagemu01w
1999,1999,WAS,32,916,281,24,30,pagemu01w
2000,2000,WAS,32,1046,314,23,32,pagemu01w
2001,2001,WAS,32,989,225,30,36,pagemu01w
2002,2002,WAS,32,750,208,14,15,pagemu01w
2003,2003,WAS,34,850,213,18,24,pagemu01w
2004,2004,WAS,33,809,184,25,16,pagemu01w
2005,2005,WAS,34,589,108,15,9,pagemu01w
2006,2006,LAS,34,690,167,17,9,pagemu01w
2007,2007,LAS,34,627,163,14,9,pagemu01w
2008,2008,LAS,27,243,42,5,1,pagemu01w
2009,2005,IND,13,78,16,2,0,paigeyo01w
2010,2006,DET,11,51,12,1,1,paliesa01w
2011,1997,UTA,28,936,443,47,6,palmewe01w
2012,1998,UTA,28,761,377,18,5,palmewe01w
2013,1999,DET,11,295,140,6,4,palmewe01w
2014,1999,UTA,20,446,167,3,8,palmewe01w
2015,2000,DET,32,914,441,20,10,palmewe01w
2016,2001,DET,22,651,233,23,4,palmewe01w
2017,2002,DET,16,464,184,13,2,palmewe01w
2018,2002,ORL,16,501,180,22,6,palmewe01w
2019,2003,CON,32,433,149,11,3,palmewe01w
2020,2004,CON,33,786,297,23,5,palmewe01w
2021,2005,SAS,34,882,326,20,7,palmewe01w
2022,2006,SEA,5,120,47,5,3,palmewe01w
2023,2007,SEA,34,474,156,15,7,palmewe01w
2024,2009,SAC,33,442,160,11,10,parisco01w
2025,2011,ATL,28,269,96,8,11,parisco01w
2026,2012,ATL,4,29,6,2,2,parisco01w
2027,2012,TUL,23,225,81,7,10,parisco01w
2028,2008,LAS,33,1109,610,42,75,parkeca01w
2029,2009,LAS,25,815,328,15,53,parkeca01w
2030,2010,LAS,10,335,206,10,22,parkeca01w
2031,2011,LAS,17,555,314,21,27,parkeca01w
2032,2012,LAS,33,1,573,51,76,parkeca01w
2034,2008,SEA,3,9,0,0,0,pascafl01w
2035,1998,CHA,20,110,27,8,0,paschti01w
2036,2001,UTA,10,21,1,0,2,pavlimi01w
2037,2003,PHO,8,29,6,1,0,pavlimi01w
2038,1997,SER,40,1357,395,69,2,payeka01w
2039,1998,SER,44,1287,300,56,1,payeka01w
2040,1999,SER,15,222,54,8,0,payeka01w
2041,2000,MIN,28,408,56,8,6,payeka01w
2042,2001,MIN,32,652,91,21,0,payeka01w
2043,2002,SEA,19,114,21,3,0,payeka01w
2045,2011,TUL,33,784,225,35,12,pederka01w
2046,2012,TUL,27,626,114,26,13,pederka01w
2047,1998,SAC,30,1080,190,67,3,penicti01w
2048,1999,SAC,32,1120,235,67,5,penicti01w
2049,2000,SAC,30,936,208,70,6,penicti01w
2050,2001,SAC,23,744,144,40,8,penicti01w
2051,2002,SAC,24,853,203,64,1,penicti01w
2052,2003,SAC,34,1089,183,61,1,penicti01w
2053,2004,SAC,33,970,199,64,2,penicti01w
2054,2005,SAC,34,927,195,48,6,penicti01w
2055,2006,SAC,34,846,183,58,2,penicti01w
2056,2007,SAC,32,757,181,49,1,penicti01w
2057,2008,SAC,33,856,284,67,4,penicti01w
2058,2009,SAC,30,724,148,30,4,penicti01w
2059,2010,LAS,32,843,156,43,2,penicti01w
2060,2011,LAS,34,807,205,28,3,penicti01w
2061,2012,CHI,19,242,33,8,3,penicti01w
2062,2003,WAS,30,288,86,15,1,pennjo01w
2063,2004,SAS,1,3,4,0,0,pennjo01w
2064,1997,NYL,9,47,10,3,0,perazja01w
2065,2004,CHA,4,17,3,3,0,perkiji01w
2066,2005,CHA,30,464,150,29,9,perkiji01w
2067,2006,CHI,30,841,282,43,13,perkiji01w
2068,2007,CHI,33,762,386,50,7,perkiji01w
2069,2008,CHI,34,1083,577,64,10,perkiji01w
2070,2009,CHI,34,931,450,73,6,perkiji01w
2071,2010,CHI,34,936,363,56,6,perkiji01w
2072,2011,SAS,34,852,408,44,9,perkiji01w
2073,2012,SAS,33,759,351,53,12,perkiji01w
2075,1997,HOU,28,692,161,69,2,perroki01w
2076,1998,HOU,30,986,254,84,0,perroki01w
2077,2012,MIN,30,424,158,14,23,peterde01w
2078,2012,CHI,30,453,145,15,15,petroso01w
2079,1997,PHO,28,842,352,49,12,pettibr01w
2080,1998,PHO,30,849,338,29,9,pettibr01w
2081,1999,PHO,32,541,181,26,2,pettibr01w
2082,2000,PHO,32,583,189,31,4,pettibr01w
2083,2001,PHO,32,497,172,28,4,pettibr01w
2084,2002,IND,32,375,113,8,0,pettibr01w
2085,2003,IND,31,148,49,4,1,pettibr01w
2086,2006,PHO,11,67,14,3,0,pettibr01w
2087,2006,CON,34,615,182,29,2,philler01w
2088,2008,CON,8,86,41,4,1,philler01w
2089,2009,CON,32,740,258,43,3,philler01w
2090,2011,IND,31,689,268,30,0,philler01w
2091,2012,IND,29,620,177,22,3,philler01w
2092,2011,SAS,31,258,55,5,12,phillpo01w
2093,1997,SER,40,1039,559,60,21,phillta01w
2094,1998,COL,44,1329,610,72,35,phillta01w
2095,1999,COL,13,376,182,17,11,phillta01w
2096,1999,ORL,32,335,130,19,8,phillta01w
2097,2000,NYL,31,978,427,59,21,phillta01w
2098,2001,NYL,32,1049,489,48,17,phillta01w
2099,2002,NYL,32,1009,451,58,14,phillta01w
2100,2003,NYL,33,1033,372,56,28,phillta01w
2101,2004,NYL,13,311,87,14,10,phillta01w
2102,2005,HOU,32,366,111,11,8,phillta01w
2103,2006,HOU,21,222,59,9,5,phillta01w
2104,2007,HOU,7,35,10,3,0,phillta01w
2105,2011,NYL,5,18,3,0,0,phillta02w
2106,2011,WAS,10,54,19,0,3,phillta02w
2107,2003,PHO,33,602,198,19,13,pierspl01w
2108,2004,PHO,31,803,290,26,17,pierspl01w
2109,2005,DET,23,444,178,14,6,pierspl01w
2110,2005,PHO,12,318,92,10,13,pierspl01w
2111,2006,DET,34,565,220,18,14,pierspl01w
2112,2007,DET,34,858,396,26,29,pierspl01w
2113,2008,DET,28,649,332,24,34,pierspl01w
2114,2009,DET,1,5,0,1,1,pierspl01w
2115,2010,NYL,25,418,224,17,8,pierspl01w
2116,2010,NYL,25,418,224,17,8,pierspl01w
2117,2010,TUL,8,126,97,10,3,pierspl01w
2118,2011,NYL,33,945,427,38,30,pierspl01w
2119,2012,NYL,26,641,312,19,23,pierspl01w
2121,1997,NEW,32,249,68,10,5,plowdvi01w
2122,2011,IND,34,539,138,13,4,pohleje01w
2123,2012,IND,34,574,149,20,10,pohleje01w
2124,1997,HOU,13,94,22,4,1,pollica01w
2125,2006,PHO,32,1067,624,37,4,pondeca01w
2126,2007,PHO,31,966,532,29,8,pondeca01w
2127,2008,PHO,32,1002,679,38,5,pondeca01w
2128,2009,PHO,34,1075,648,31,12,pondeca01w
2129,2010,NYL,34,1167,729,30,4,pondeca01w
2130,2011,NYL,34,1151,591,43,10,pondeca01w
2131,2012,NYL,34,1,695,43,7,pondeca01w
2132,1998,CLS,44,557,252,26,1,potthan01w
2133,1999,CLS,14,353,112,15,4,potthan01w
2134,1999,MIN,32,710,127,24,5,potthan01w
2135,2000,MIN,3,8,0,0,0,potthan01w
2136,1998,PRT,44,1486,539,84,11,powelel01w
2137,1999,PRT,13,427,133,26,1,powelel01w
2138,1999,ORL,18,256,47,9,4,powelel01w
2139,2000,ORL,20,347,72,12,1,powelel01w
2140,2001,ORL,32,1055,357,49,7,powelel01w
2141,2002,DET,15,397,148,23,8,powelel01w
2142,2002,ORL,15,308,88,20,4,powelel01w
2143,2003,DET,33,938,296,45,9,powelel01w
2144,2004,DET,30,760,133,36,8,powelel01w
2145,2005,DET,29,671,163,29,4,powelel01w
2146,2006,CHI,14,251,69,13,3,powelel01w
2147,2006,DET,11,120,14,3,0,powelel01w
2148,2007,DET,32,323,60,12,2,powelel01w
2149,2008,DET,16,313,58,6,1,powelel01w
2150,2004,CHA,31,384,132,15,4,powelni01w
2151,2005,SAC,34,988,364,39,16,powelni01w
2152,2006,SAC,34,886,327,42,15,powelni01w
2153,2007,SAC,34,986,436,48,12,powelni01w
2154,2008,SAC,34,944,463,40,6,powelni01w
2155,2009,SAC,34,1035,567,49,8,powelni01w
2156,2010,NYL,34,895,316,34,7,powelni01w
2157,2011,NYL,33,935,319,45,10,powelni01w
2158,2012,NYL,34,922,238,45,14,powelni01w
2159,2012,PHO,28,886,324,44,3,prahasa01w
2160,2007,CHI,34,893,269,40,7,pricear01w
2161,2008,CHI,34,763,235,36,12,pricear01w
2162,2009,ATL,11,98,16,3,2,pricear01w
2163,2009,CHI,22,324,77,12,1,pricear01w
2164,2010,ATL,34,561,166,30,2,pricear01w
2165,2011,ATL,34,797,289,52,2,pricear01w
2166,2012,ATL,34,904,287,39,10,pricear01w
2167,1998,SAC,26,379,127,20,2,pricefr01w
2168,1999,PHR,12,72,32,4,0,priceka01w
2169,2000,POR,32,462,114,16,9,pridely01w
2170,2001,MIN,32,713,170,28,20,pridely01w
2171,2002,MIN,31,589,123,25,25,pridely01w
2172,2003,LAS,4,28,1,0,0,pridely01w
2173,2003,MIN,13,66,17,3,1,pridely01w
2174,2010,CHI,34,665,334,55,5,princep01w
2175,2011,CHI,34,1001,464,79,13,princep01w
2176,2012,CHI,26,780,471,47,7,princep01w
2177,2008,PHO,29,377,128,10,44,pringla01w
2178,2009,MIN,17,159,37,3,14,pringla01w
2179,2011,LAS,20,222,77,5,13,pringla01w
2180,2006,CON,4,10,2,0,0,queenbr01w
2181,2008,CHI,8,36,2,0,0,queenbr01w
2182,2008,PHO,14,100,29,6,1,quiglal01w
2183,2009,PHO,6,32,10,0,0,quiglal01w
2184,2010,IND,3,18,6,2,1,quiglal01w
2185,2010,SAS,4,25,14,0,0,quiglal01w
2186,2011,SEA,7,14,4,1,1,quiglal01w
2187,2007,MIN,34,670,96,29,13,quinnno01w
2188,2008,MIN,32,533,116,21,2,quinnno01w
2189,2009,LAS,34,929,284,40,11,quinnno01w
2190,2010,LAS,34,1104,347,35,11,quinnno01w
2191,2011,LAS,33,681,169,21,2,quinnno01w
2192,2012,WAS,30,666,194,22,6,quinnno01w
2193,2000,IND,17,118,15,4,0,quinnte01w
2194,2001,NYL,4,9,4,0,1,radunha01w
2195,2002,SEA,31,432,141,27,1,raglafe01w
2196,2003,PHO,3,39,5,2,0,raglafe01w
2197,2004,HOU,34,517,118,25,3,raglafe01w
2198,2005,HOU,4,9,0,0,0,raglafe01w
2199,2001,SEA,32,884,300,29,4,randase01w
2200,2002,SEA,21,458,134,20,1,randase01w
2201,2002,UTA,8,135,58,4,1,randase01w
2202,2003,SAS,33,339,88,11,0,randase01w
2203,2004,SAS,29,462,136,22,4,randase01w
2204,2000,MIA,25,454,126,24,14,rasmukr01w
2205,2000,UTA,1,9,0,1,0,rasmukr01w
2206,2001,MIA,28,416,75,11,14,rasmukr01w
2207,2002,MIA,31,674,170,18,16,rasmukr01w
2208,2003,IND,33,814,226,24,15,rasmukr01w
2209,2004,IND,33,692,152,21,14,rasmukr01w
2210,2005,CHA,3,29,6,1,0,rasmukr01w
2211,2005,HOU,24,522,121,13,16,rasmukr01w
2212,2006,PHO,34,908,146,28,27,rasmukr01w
2213,2007,CON,33,522,114,11,5,rasmukr01w
2214,2008,MIN,31,393,79,12,6,rasmukr01w
2215,2010,ATL,23,125,34,5,1,ravenbr01w
2216,2007,CHI,20,180,61,4,0,raymost01w
2218,2000,SEA,26,387,140,19,1,reddja01w
2219,2001,SEA,32,659,231,17,3,reddja01w
2220,2002,SEA,10,112,52,2,0,reddja01w
2221,2012,NYL,7,42,7,3,0,redmoka01w
2222,1998,PHO,24,254,124,18,7,reedbr01w
2223,1999,MIN,25,757,402,29,17,reedbr01w
2224,2000,PHO,32,1090,608,66,21,reedbr01w
2225,2001,PHO,1,13,3,0,0,reedbr01w
2226,2002,PHO,5,85,38,2,3,reedbr01w
2227,2011,TUL,11,145,38,3,1,reedch01w
2228,1998,LAS,9,49,14,2,1,reedmi01w
2230,1998,CHA,30,966,413,40,12,reidtr01w
2231,1999,CHA,10,154,48,1,2,reidtr01w
2232,2000,CHA,29,620,211,14,9,reidtr01w
2233,2001,MIA,21,278,80,15,5,reidtr01w
2234,2002,PHO,24,421,113,22,2,reidtr01w
2235,2003,PHO,2,12,2,2,0,reidtr01w
2236,1997,UTA,28,831,216,23,2,reissta01w
2237,1998,UTA,22,477,143,11,1,reissta01w
2239,1999,CHC,2,4,2,0,0,reynoch01w
2241,2010,LAS,29,224,100,14,1,rileyan01w
2242,2011,TUL,33,626,199,32,3,rileyan01w
2243,2012,LAS,2,15,0,0,0,rileyan01w
2244,2001,MIA,32,799,218,25,46,rileyru01w
2245,2002,MIA,26,519,148,11,41,rileyru01w
2246,2003,DET,34,995,327,25,58,rileyru01w
2247,2004,DET,34,1037,378,31,53,rileyru01w
2248,2005,DET,33,855,251,23,46,rileyru01w
2249,2006,DET,34,875,249,18,49,rileyru01w
2250,2007,SAS,30,773,176,27,59,rileyru01w
2251,2008,SAS,30,580,153,14,41,rileyru01w
2252,2009,SAS,31,650,163,14,45,rileyru01w
2253,2010,SAS,20,261,75,5,13,rileyru01w
2254,2011,SAS,34,645,190,12,30,rileyru01w
2255,2012,CHI,33,476,88,23,20,rileyru01w
2256,1997,NEW,40,1496,314,88,0,rizzoje01w
2257,1998,NEW,44,1443,477,89,1,rizzoje01w
2258,1999,NEW,13,457,128,30,2,rizzoje01w
2259,1999,HOU,25,242,42,18,1,rizzoje01w
2260,2000,HOU,32,437,60,15,2,rizzoje01w
2261,2001,CLE,32,476,119,25,2,rizzoje01w
2262,2002,CLE,26,695,178,23,3,rizzoje01w
2263,2003,CLE,33,525,59,14,0,rizzoje01w
2264,1999,PRT,2,5,3,0,0,roberav01w
2265,1998,HOU,14,55,16,1,0,roberny01w
2266,1999,HOU,4,17,1,0,0,roberny01w
2267,1999,WAS,8,62,16,5,1,roberny01w
2269,2004,PHO,19,130,17,8,10,robinas01w
2270,2005,PHO,34,659,103,20,34,robinas01w
2271,2006,CHI,12,124,21,2,8,robinas01w
2272,2006,SEA,17,197,21,6,8,robinas01w
2273,2007,SEA,33,409,48,16,25,robinas01w
2274,2008,SEA,33,329,29,12,20,robinas01w
2275,2009,SEA,26,167,12,2,13,robinas01w
2276,2010,SEA,30,245,41,4,21,robinas01w
2277,2011,SEA,34,583,129,22,33,robinas01w
2278,2012,WAS,33,535,103,19,24,robinas01w
2279,1997,COL,40,1264,684,70,25,robincr01w
2280,1998,COL,43,1404,642,71,12,robincr01w
2281,1999,COL,9,213,63,15,0,robincr01w
2282,1999,NYL,32,901,375,44,11,robincr01w
2283,2000,NYL,27,722,238,23,10,robincr01w
2284,2001,NYL,32,980,342,32,8,robincr01w
2285,2002,NYL,32,1068,378,48,12,robincr01w
2286,2003,NYL,33,1078,395,40,13,robincr01w
2287,2004,NYL,28,890,339,24,8,robincr01w
2288,2005,NYL,32,969,234,21,5,robincr01w
2289,2006,WAS,27,727,199,33,0,robincr01w
2290,2007,WAS,2,34,2,2,1,robincr01w
2291,2011,SAS,34,786,280,28,4,robinda01w
2292,2012,SAS,34,984,335,46,4,robinda01w
2293,2000,WAS,2,5,4,1,0,robinre01w
2294,2012,TUL,26,385,110,25,3,robinsc01w
2295,1998,CLS,23,173,57,7,2,rolanja01w
2296,1998,NEW,12,90,24,2,0,rolanja01w
2297,1999,NEW,13,321,76,5,0,rolanja01w
2298,2000,ORL,21,173,33,6,0,rolanja01w
2300,2008,SAS,4,7,2,0,0,rossad01w
2303,1997,COL,4,4,0,0,0,rouilni01w
2304,1997,ATG,13,418,210,15,3,roundsa01w
2305,1998,ATG,23,532,231,27,2,roundsa01w
2306,1999,NAS,10,280,122,13,0,roundsa01w
2308,1997,SJL,35,433,120,12,4,ruffje01w
2309,1998,LON,20,113,56,7,0,ruffje01w
2310,2008,CHI,2,12,3,0,0,rushle01w
2311,1999,CHC,2,27,0,1,0,ryankr01w
2312,1998,LAS,20,226,46,7,18,rycraeu01w
2313,1999,ORL,32,1039,437,69,8,salesny01w
2314,2000,ORL,32,995,430,47,12,salesny01w
2315,2001,ORL,32,1039,433,70,6,salesny01w
2316,2002,ORL,32,1042,431,60,7,salesny01w
2317,2003,CON,34,1106,548,46,13,salesny01w
2318,2004,CON,34,1096,517,75,8,salesny01w
2319,2005,CON,34,1074,532,61,10,salesny01w
2320,2006,CON,22,609,286,26,6,salesny01w
2321,2007,CON,26,762,341,36,11,salesny01w
2322,1997,NEW,20,246,70,15,4,sampsch01w
2323,2000,SEA,21,280,76,18,6,sampsch01w
2324,1997,PRT,26,428,191,22,5,sampsto01w
2325,1997,SJL,39,1258,561,75,5,samsh01w
2326,1998,SJL,43,1391,624,87,7,samsh01w
2327,1999,SJL,15,470,203,27,2,samsh01w
2328,1999,ORL,32,1088,364,41,9,samsh01w
2329,2000,MIA,31,904,396,35,5,samsh01w
2330,2001,MIA,32,1100,444,55,8,samsh01w
2331,2002,MIA,32,1073,463,69,6,samsh01w
2332,2003,MIN,34,953,374,38,6,samsh01w
2333,2004,SEA,34,1018,310,53,6,samsh01w
2334,2005,CHA,34,1075,387,44,2,samsh01w
2335,2006,CHA,34,990,359,55,3,samsh01w
2336,2007,IND,33,591,164,29,6,samsh01w
2337,2008,DET,32,478,92,19,3,samsh01w
2338,2004,DET,10,62,22,2,0,sanchis01w
2339,2007,DET,6,9,2,0,0,sandeam01w
2340,1997,SJL,20,618,195,15,2,sandish01w
2341,1998,SJL,44,650,247,27,0,sandish01w
2342,2003,WAS,17,134,49,3,2,sanfona01w
2343,2004,WAS,31,653,169,18,16,sanfona01w
2344,2005,WAS,27,293,88,10,11,sanfona01w
2345,2006,WAS,34,885,301,28,21,sanfona01w
2346,2007,WAS,34,994,375,27,28,sanfona01w
2347,2008,WAS,34,795,229,21,11,sanfona01w
2348,2009,WAS,34,663,213,26,14,sanfona01w
2349,2010,WAS,34,608,205,25,8,sanfona01w
2350,2011,PHO,33,476,137,7,7,sanfona01w
2351,2012,PHO,30,501,124,15,9,sanfona01w
2352,2008,DET,31,325,106,11,7,sanniol01w
2353,2009,DET,31,298,119,11,5,sanniol01w
2354,2011,PHO,14,73,22,3,1,sanniol01w
2355,1998,WAS,16,481,176,12,7,santoal01w
2356,1999,WAS,13,216,51,1,2,santoal01w
2357,2000,IND,3,11,3,0,0,santoal01w
2358,2001,SEA,10,62,13,0,0,santoal01w
2359,2001,DET,14,153,52,3,3,santoke01w
2360,2002,DET,12,169,44,3,9,santoke01w
2361,2008,SEA,22,134,47,4,2,santoke01w
2362,2000,PHO,20,142,64,0,1,sarenra01w
2363,2000,LAS,12,66,20,2,1,sauerpa01w
2364,2001,CLE,2,4,2,0,1,sauerpa01w
2365,2002,CLE,1,7,0,1,0,sauerpa01w
2366,2001,PHO,28,253,68,10,8,saundja01w
2367,2002,PHO,27,302,99,9,4,saundja01w
2368,2001,WAS,25,455,76,24,4,saureau01w
2369,2002,WAS,15,165,24,8,2,saureau01w
2370,1997,SAC,14,157,33,4,1,savasla01w
2371,2001,IND,28,380,112,5,29,schumke01w
2372,2002,IND,31,352,108,7,23,schumke01w
2373,2003,IND,34,480,189,7,24,schumke01w
2374,2004,IND,32,601,224,10,31,schumke01w
2375,2005,IND,34,516,135,10,24,schumke01w
2376,2006,NYL,21,539,163,3,25,schumke01w
2377,2007,PHO,34,543,151,17,25,schumke01w
2378,2008,DET,7,89,14,2,3,schumke01w
2379,2009,DET,1,10,0,0,1,schumke01w
2380,2001,MIN,24,423,87,11,6,schwege01w
2381,2002,MIN,30,509,124,15,5,schwege01w
2382,2003,MIN,16,118,15,3,1,schwege01w
2383,1998,UTA,29,466,154,24,10,scottol01w
2384,1999,DET,8,52,16,0,3,scottol01w
2385,1999,UTA,4,36,9,1,0,scottol01w
2386,2000,DET,28,369,100,12,10,scottol01w
2387,2001,IND,32,775,280,22,12,scottol01w
2388,2002,IND,31,975,292,38,13,scottol01w
2389,2004,CHA,34,398,73,9,13,scottol01w
2390,2005,SAC,18,170,38,4,2,scottol01w
2391,2006,IND,21,159,50,7,2,scottol01w
2392,2007,PHO,8,32,8,3,1,scottol01w
2393,2008,PHO,6,69,16,1,6,scottol01w
2394,1997,UTA,8,43,12,1,3,scottra01w
2395,1998,CLE,22,167,38,3,5,scottra01w
2396,2000,HOU,14,150,57,5,2,shakiel01w
2397,2001,HOU,26,203,38,6,2,shakiel01w
2398,2002,CHA,1,5,1,1,0,shakiel01w
2399,2003,NYL,30,398,94,14,0,sharpkb01w
2400,2004,NYL,30,240,29,6,1,sharpkb01w
2401,2006,IND,23,155,22,7,0,sharpkb01w
2402,2007,IND,34,454,109,13,0,sharpkb01w
2403,2008,CHI,34,598,106,14,0,sharpkb01w
2404,2009,CHI,27,325,70,8,2,sharpkb01w
2406,1997,COL,17,148,32,9,0,sheetsh01w
2407,1998,COL,27,118,27,3,0,sheetsh01w
2408,1999,PRT,4,38,11,2,0,sheetsh01w
2409,2012,CON,3,9,3,1,0,shegoch01w
2410,2007,HOU,26,304,137,10,1,shielas01w
2411,2008,DET,7,44,22,1,0,shielas01w
2412,2008,HOU,3,12,2,1,0,shielas01w
2413,1997,CLS,36,225,68,9,0,shudlca01w
2414,1998,WAS,25,363,89,23,3,shulead01w
2416,2012,PHO,8,97,30,4,0,simondy01w
2417,1998,ATG,2,43,17,1,1,simpsda01w
2418,1999,COL,13,103,26,4,5,simpsda01w
2419,2000,DET,3,7,4,1,0,slaisma01w
2420,2004,MIN,3,7,2,0,1,slauggw01w
2421,2003,PHO,2,12,0,0,0,slavtge01w
2422,2003,WAS,31,422,104,11,9,smithai01w
2423,2004,WAS,29,403,115,17,12,smithai01w
2424,2008,PHO,10,134,41,2,3,smithbr01w
2425,2009,PHO,21,144,21,2,3,smithbr01w
2426,2010,PHO,16,131,40,1,4,smithbr01w
2427,1998,CHA,24,448,89,10,0,smithch01w
2428,1999,CHA,4,19,13,1,0,smithch01w
2429,1997,COL,40,1319,626,34,8,smithch02w
2430,1998,SJL,42,1206,513,32,18,smithch02w
2431,1999,SJL,13,267,99,2,3,smithch02w
2432,1999,CHA,32,746,173,10,7,smithch02w
2433,2000,CHA,30,659,156,15,17,smithch02w
2434,2001,CHA,30,678,171,16,13,smithch02w
2435,2002,CHA,32,890,256,21,17,smithch02w
2436,2003,CHA,27,443,95,10,2,smithch02w
2437,2004,CHA,34,977,280,18,13,smithch02w
2438,2005,WAS,34,1036,246,22,11,smithch02w
2439,2006,IND,18,173,35,3,1,smithch02w
2440,1998,PRT,9,54,0,1,0,smithch03w
2441,1999,MIN,13,56,10,1,0,smithch03w
2442,2000,SEA,32,516,52,16,3,smithch03w
2443,2001,SEA,32,589,58,17,1,smithch03w
2444,2003,PHO,4,17,0,0,0,smithch03w
2445,2006,PHO,23,197,60,17,0,smithcr01w
2446,2007,HOU,27,683,170,34,3,smithcr01w
2447,2008,MIN,1,0,0,0,0,smithcr01w
2448,2008,WAS,28,392,121,14,2,smithcr01w
2449,2005,NYL,2,7,0,0,0,smithje01w
2450,1997,CLS,40,1328,631,60,5,smithka01w
2451,1998,CLS,44,1445,764,61,3,smithka01w
2452,1999,CLS,2,65,36,2,0,smithka01w
2453,1999,MIN,30,971,350,19,10,smithka01w
2454,2000,MIN,32,1193,646,44,7,smithka01w
2455,2001,MIN,32,1234,739,23,5,smithka01w
2456,2002,MIN,31,1138,512,32,7,smithka01w
2457,2003,MIN,34,1185,620,25,6,smithka01w
2458,2004,MIN,23,800,432,23,6,smithka01w
2459,2005,DET,13,394,124,5,3,smithka01w
2460,2005,MIN,23,766,306,25,2,smithka01w
2461,2006,DET,34,1137,398,25,4,smithka01w
2462,2007,DET,34,1166,450,42,3,smithka01w
2463,2008,DET,34,1152,500,32,3,smithka01w
2464,2009,DET,27,894,369,21,2,smithka01w
2465,2010,WAS,33,1016,314,24,5,smithka01w
2466,2011,SEA,34,853,255,24,5,smithka01w
2467,2012,SEA,34,919,229,20,4,smithka01w
2468,2006,SAC,31,313,74,9,0,smithki01w
2469,2007,SAC,3,6,0,0,0,smithki01w
2470,2008,SAC,21,143,33,7,2,smithki01w
2471,2000,ORL,3,12,5,2,0,smithla01w
2472,1998,SAC,28,707,271,17,46,smithta01w
2473,1999,SAC,31,632,256,26,38,smithta01w
2474,2000,SAC,32,925,388,30,64,smithta01w
2475,2001,SAC,32,912,358,34,55,smithta01w
2476,2002,SAC,32,1063,469,27,46,smithta01w
2477,2003,SAC,34,986,430,43,32,smithta01w
2478,2004,SAC,34,908,380,38,25,smithta01w
2479,2005,CHA,31,1063,421,51,32,smithta01w
2480,2006,CHA,34,972,445,41,29,smithta01w
2481,2007,PHO,34,1072,428,40,56,smithta01w
2482,2008,PHO,25,722,277,28,29,smithta01w
2483,2009,PHO,34,920,336,34,57,smithta01w
2484,2010,PHO,34,992,314,23,29,smithta01w
2485,2011,IND,33,711,238,22,16,smithta01w
2486,2012,SAS,15,150,37,2,3,smithta01w
2487,2007,DET,1,7,1,1,0,smithty01w
2488,2008,DET,1,0,0,0,0,smithwa01w
2489,2005,PHO,20,226,65,7,1,snellbe01w
2490,2006,PHO,30,250,100,15,3,snellbe01w
2491,2007,PHO,30,343,107,20,4,snellbe01w
2492,2009,SAS,30,553,187,27,3,snellbe01w
2493,2010,SAS,2,38,9,0,0,snellbe01w
2494,2011,SEA,21,134,41,3,2,snellbe01w
2495,2002,HOU,32,480,125,12,26,snowmi01w
2496,2003,HOU,34,1025,314,35,62,snowmi01w
2497,2004,HOU,31,893,276,28,35,snowmi01w
2498,2005,HOU,33,966,396,20,38,snowmi01w
2499,2006,HOU,34,995,442,33,38,snowmi01w
2500,2007,HOU,34,892,366,18,35,snowmi01w
2501,2008,HOU,34,856,336,18,31,snowmi01w
2502,2009,ATL,34,503,185,15,17,snowmi01w
2503,2010,SAS,34,821,352,33,25,snowmi01w
2504,2011,CHI,34,821,202,16,44,snowmi01w
2505,2012,WAS,32,643,190,19,27,snowmi01w
2506,1998,WAS,14,71,24,5,2,sobrale01w
2507,1997,RIC,40,1065,425,83,8,sobrama01w
2508,1998,PHR,40,597,203,43,8,sobrama01w
2509,2007,LAS,34,828,327,27,11,spencsi01w
2510,2008,LAS,33,451,174,14,4,spencsi01w
2511,2009,NYL,33,340,99,6,1,spencsi01w
2512,2010,NYL,20,168,52,6,0,spencsi01w
2513,2011,NYL,16,113,40,0,0,spencsi01w
2514,2011,PHO,8,65,15,0,0,spencsi01w
2515,1998,DET,30,535,136,8,12,spornra01w
2516,1999,DET,18,340,106,15,4,spornra01w
2517,2001,DET,23,265,41,7,4,spornra01w
2518,1997,SJL,37,907,425,69,6,stafftr01w
2519,1998,LON,43,622,261,29,3,stafftr01w
2520,2001,HOU,30,365,113,12,2,stafftr01w
2521,2002,MIA,6,38,8,1,0,stafftr01w
2522,1997,RIC,40,1530,597,111,11,staleda01w
2523,1998,PHR,44,1674,582,98,5,staleda01w
2524,1999,CHA,32,1065,368,38,3,staleda01w
2525,2000,CHA,32,1099,282,37,1,staleda01w
2526,2001,CHA,32,1152,298,52,1,staleda01w
2527,2002,CHA,32,1061,278,48,0,staleda01w
2528,2003,CHA,34,1086,269,49,4,staleda01w
2529,2004,CHA,34,1143,302,43,2,staleda01w
2530,2005,CHA,23,684,146,30,0,staleda01w
2531,2005,HOU,10,221,33,6,1,staleda01w
2532,2006,HOU,34,1018,250,35,5,staleda01w
2534,2006,LAS,4,23,6,1,2,stansti01w
2535,2007,MIN,30,437,130,13,11,stansti01w
2536,2010,LAS,5,14,3,1,0,stansti01w
2537,1998,SER,44,1476,557,63,22,starbka01w
2538,1999,SER,15,468,204,25,6,starbka01w
2539,1999,SAC,24,215,48,13,4,starbka01w
2540,2000,UTA,29,340,117,13,11,starbka01w
2541,2001,UTA,23,310,109,8,1,starbka01w
2542,2002,SEA,9,186,53,6,4,starbka01w
2543,2002,UTA,15,88,26,9,4,starbka01w
2544,2004,IND,12,117,20,6,0,starbka01w
2545,1997,PRT,40,1078,334,53,13,stedika01w
2546,1998,PRT,39,910,329,31,14,stedika01w
2547,1999,PRT,13,430,178,31,11,stedika01w
2548,2000,SAC,29,309,91,11,10,stedika01w
2549,2001,SEA,26,393,102,16,9,stedika01w
2550,1998,PHO,20,130,66,3,11,stepama01w
2551,1999,PHO,32,554,248,13,62,stepama01w
2552,2000,PHO,15,170,57,4,9,stepama01w
2553,2001,PHO,32,815,334,43,64,stepama01w
2554,2005,PHO,15,409,162,20,38,stepama01w
2555,1997,RIC,40,1087,453,28,6,stephre01w
2556,1998,SAC,8,81,26,2,0,stephre01w
2557,2004,DET,7,36,4,0,0,stephst01w
2558,1997,NEW,6,40,11,2,3,sterkca01w
2559,2004,SAS,29,259,38,6,4,stevema01w
2560,2005,SEA,4,53,6,2,0,stevema01w
2561,2006,PHO,2,18,3,1,1,stevema01w
2562,2001,POR,32,1023,478,24,3,stileja01w
2563,2002,POR,21,382,125,4,0,stileja01w
2564,1997,CLS,40,753,303,60,16,stillva01w
2565,1998,CLS,44,1245,578,101,21,stillva01w
2566,1999,WAS,23,282,31,4,4,stillva01w
2567,1997,CHA,28,1011,439,43,21,stinsan01w
2568,1998,CHA,30,1046,450,54,15,stinsan01w
2569,1999,CHA,32,1041,434,32,18,stinsan01w
2570,2000,CHA,32,1123,565,55,23,stinsan01w
2571,2001,CHA,32,1006,450,43,19,stinsan01w
2572,2002,CHA,32,950,411,37,9,stinsan01w
2573,2003,CHA,34,1000,377,48,5,stinsan01w
2574,2004,CHA,34,777,203,27,7,stinsan01w
2575,2005,DET,18,102,22,3,0,stinsan01w
2576,1997,CLS,9,40,7,3,0,stiresh01w
2577,1998,CLS,30,134,43,3,2,stiresh01w
2578,1999,CLS,14,150,59,4,1,stiresh01w
2579,2000,MIN,21,117,35,6,0,stiresh01w
2580,2001,MIN,18,201,51,8,4,stiresh01w
2581,2002,MIN,9,22,6,0,1,stiresh01w
2582,2001,WAS,3,11,3,0,0,stockta01w
2583,2000,IND,27,424,121,16,23,streiju01w
2584,2001,IND,27,707,246,37,19,streiju01w
2585,2005,IND,34,686,186,29,11,streiju01w
2586,2012,SEA,34,784,273,24,8,stricsh01w
2587,2006,PHO,8,39,16,1,2,strotan01w
2588,2007,IND,12,69,28,0,0,strotan01w
2589,2008,ATL,21,160,39,5,3,strotan01w
2590,1997,CHA,28,475,131,13,3,suberto01w
2591,1998,CHA,30,682,181,30,1,suberto01w
2592,1999,ORL,25,114,20,5,0,suberto01w
2593,2005,CON,11,43,10,2,0,summela01w
2594,2006,CON,33,359,83,3,2,summela01w
2595,2003,SEA,17,118,30,5,0,sun-mju01w
2596,2001,CHA,29,602,196,21,39,suttota01w
2597,2002,CHA,32,885,382,29,36,suttota01w
2598,2003,CHA,34,864,286,19,50,suttota01w
2599,2004,CHA,34,970,325,31,71,suttota01w
2600,2005,CHA,34,887,318,30,37,suttota01w
2601,2006,CHA,30,800,335,26,55,suttota01w
2602,2007,IND,34,860,409,35,47,suttota01w
2603,2008,IND,33,956,389,20,57,suttota01w
2604,2009,IND,27,680,266,15,40,suttota01w
2605,2010,IND,34,875,276,33,55,suttota01w
2606,2011,IND,34,645,188,36,41,suttota01w
2607,2012,IND,33,541,130,24,27,suttota01w
2608,2008,CON,25,231,41,14,1,swanike01w
2609,2009,PHO,33,388,93,15,3,swanike01w
2610,2010,PHO,32,322,95,11,1,swanike01w
2611,2011,PHO,29,429,77,23,1,swanike01w
2612,2012,ATL,34,389,76,15,0,swanike01w
2613,1997,HOU,9,129,64,7,4,swoopsh01w
2614,1998,HOU,29,937,453,72,14,swoopsh01w
2615,1999,HOU,32,1100,585,76,46,swoopsh01w
2616,2000,HOU,31,1090,643,87,33,swoopsh01w
2617,2002,HOU,32,1154,592,88,23,swoopsh01w
2618,2003,HOU,31,1084,484,77,26,swoopsh01w
2619,2004,HOU,31,1070,459,47,16,swoopsh01w
2620,2005,HOU,33,1225,614,66,26,swoopsh01w
2621,2006,HOU,31,1111,482,64,9,swoopsh01w
2622,2007,HOU,3,106,23,5,1,swoopsh01w
2623,2008,SEA,29,706,205,43,9,swoopsh01w
2624,2011,TUL,33,879,271,25,9,swoopsh01w
2625,2011,CHI,29,218,77,5,7,swordca01w
2626,2012,CHI,30,334,119,11,14,swordca01w
2627,2012,LAS,30,259,92,9,4,sykesap01w
2628,1998,NEW,44,623,157,64,2,tatede01w
2629,1999,CHC,12,353,81,35,1,tatede01w
2630,1997,CLS,40,876,255,85,3,tateso01w
2631,1998,CLS,44,857,258,47,2,tateso01w
2632,1999,CLS,14,380,99,28,3,tateso01w
2633,1999,MIN,32,828,143,36,3,tateso01w
2634,2000,MIN,8,94,27,3,0,tateso01w
2635,2004,PHO,34,1130,578,43,25,tauradi01w
2636,2005,PHO,33,1089,527,38,28,tauradi01w
2637,2006,PHO,34,1152,860,42,27,tauradi01w
2638,2007,PHO,32,1025,613,45,34,tauradi01w
2639,2008,PHO,34,1083,820,46,46,tauradi01w
2640,2009,PHO,31,976,631,36,43,tauradi01w
2641,2010,PHO,31,998,702,38,19,tauradi01w
2642,2011,PHO,32,965,692,24,20,tauradi01w
2643,2012,PHO,8,166,112,4,4,tauradi01w
2645,2004,PHO,5,26,3,1,1,tayloli01w
2646,2001,CLE,32,561,230,35,11,taylope01w
2647,2002,CLE,30,908,391,37,11,taylope01w
2648,2003,CLE,34,898,398,38,10,taylope01w
2649,2004,PHO,33,1076,434,52,14,taylope01w
2650,2005,PHO,29,852,382,38,11,taylope01w
2651,2006,PHO,20,536,277,29,9,taylope01w
2652,2007,PHO,34,1010,605,51,22,taylope01w
2653,2009,PHO,14,283,153,18,2,taylope01w
2654,2010,PHO,32,959,509,47,9,taylope01w
2655,2011,PHO,29,864,484,49,11,taylope01w
2656,2002,LAS,32,882,204,25,9,teaslni01w
2657,2003,LAS,34,1189,392,39,15,teaslni01w
2658,2004,LAS,34,1105,336,43,7,teaslni01w
2659,2005,LAS,19,551,141,23,4,teaslni01w
2660,2006,WAS,34,975,364,44,11,teaslni01w
2661,2007,WAS,33,746,172,23,6,teaslni01w
2662,2009,ATL,10,234,39,9,1,teaslni01w
2663,2009,DET,11,222,42,6,4,teaslni01w
2664,2006,WAS,16,105,29,3,3,teilaza01w
2665,2012,PHO,2,15,0,0,0,teilaza01w
2666,2006,IND,10,53,23,0,3,terryka01w
2667,2007,IND,9,54,9,2,3,terryka01w
2668,2008,ATL,20,275,92,10,11,terryka01w
2669,2008,IND,2,24,2,0,0,terryka01w
2671,1998,CLS,17,132,32,1,1,thirdtr01w
2672,1998,NEW,22,257,31,8,2,thirdtr01w
2673,2007,CHI,17,122,43,1,4,thomaca01w
2674,2004,LAS,31,547,165,18,14,thomach01w
2675,2005,LAS,32,520,122,11,19,thomach01w
2676,2006,LAS,27,539,164,20,14,thomach01w
2677,2007,LAS,34,640,287,22,9,thomach01w
2678,2008,LAS,20,159,29,2,8,thomach01w
2679,2009,MIN,11,66,3,3,5,thomach01w
2680,2010,CHI,15,127,19,1,3,thomach01w
2681,2011,WAS,34,655,218,25,9,thomaja01w
2682,2012,WAS,34,763,278,29,7,thomaja01w
2683,2011,PHO,8,98,21,0,5,thomakr01w
2684,2011,SEA,7,22,2,2,2,thomakr01w
2685,2012,PHO,29,771,185,5,26,thomakr01w
2686,2003,CLE,32,852,345,28,13,thomala01w
2687,2004,SAS,31,964,440,25,11,thomala01w
2688,2005,SAS,21,505,185,7,8,thomala01w
2689,2006,SAS,19,369,157,14,7,thomala01w
2690,2007,LAS,27,487,208,9,7,thomala01w
2691,2008,DET,7,40,8,1,1,thomala01w
2692,2008,MIN,13,147,47,2,0,thomala01w
2693,2000,POR,32,863,163,54,15,thomast01w
2694,2001,POR,32,413,59,30,10,thomast01w
2695,2002,POR,32,621,143,42,12,thomast01w
2696,2003,DET,11,82,15,9,1,thomast01w
2697,2003,PHO,19,187,46,11,8,thomast01w
2698,2004,DET,1,1,0,0,0,thomast01w
2699,2005,DET,17,133,12,8,3,thomast01w
2700,2005,MIN,1,3,0,0,0,thomast01w
2701,1998,NYL,19,126,31,1,2,thompal01w
2702,2000,IND,31,792,310,24,4,thompal01w
2703,2001,IND,22,381,186,9,7,thompal01w
2704,2002,IND,18,314,97,7,2,thompal01w
2705,2004,SEA,23,182,52,6,0,thompal01w
2706,2005,SEA,30,329,83,4,4,thompal01w
2707,2010,TUL,7,49,11,3,0,thompam01w
2709,1998,CLS,33,149,37,5,0,thomppa01w
2711,1997,HOU,28,885,370,21,28,thompti01w
2712,1998,HOU,27,874,342,31,25,thompti01w
2713,1999,HOU,32,1074,391,31,31,thompti01w
2714,2000,HOU,32,1087,540,47,25,thompti01w
2715,2001,HOU,30,1102,579,29,22,thompti01w
2716,2002,HOU,29,1052,485,25,20,thompti01w
2717,2003,HOU,28,974,472,18,23,thompti01w
2718,2004,HOU,26,943,520,22,23,thompti01w
2719,2005,HOU,15,439,152,12,4,thompti01w
2720,2006,HOU,21,696,392,20,13,thompti01w
2721,2007,HOU,34,1234,639,29,23,thompti01w
2722,2008,HOU,30,1074,542,33,20,thompti01w
2723,2009,LAS,34,1182,441,26,24,thompti01w
2724,2010,LAS,33,1095,548,38,24,thompti01w
2725,2011,LAS,34,851,338,39,23,thompti01w
2726,2012,SEA,29,551,258,14,22,thompti01w
2727,2006,MIN,22,141,16,4,2,thorbsh01w
2728,2007,SEA,2,8,2,0,0,thorbsh01w
2729,2003,NYL,23,181,44,4,1,thorner01w
2730,2004,NYL,17,156,34,4,1,thorner01w
2731,2005,NYL,21,203,56,4,0,thorner01w
2732,2006,NYL,27,378,166,6,1,thorner01w
2733,2007,NYL,29,883,281,25,1,thorner01w
2734,2008,NYL,32,380,101,7,2,thorner01w
2735,2009,CHI,34,577,211,20,0,thorner01w
2736,2010,CHI,34,683,214,20,2,thorner01w
2737,2011,CHI,34,571,182,11,3,thorner01w
2738,2012,MIN,26,195,52,4,0,thorner01w
2739,2000,SEA,20,377,155,13,3,threaro01w
2740,2004,DET,31,287,83,9,8,tilliic01w
2741,2006,NYL,25,256,86,10,4,tilliic01w
2742,2007,DET,8,26,4,0,0,tilliic01w
2743,2007,LAS,3,8,0,0,0,tilliic01w
2744,1997,PHO,27,966,326,71,3,timmsmi01w
2745,1998,PHO,30,934,207,38,4,timmsmi01w
2746,1999,PHO,30,804,205,43,7,timmsmi01w
2747,2000,PHO,8,176,30,15,2,timmsmi01w
2748,2001,PHO,21,408,98,21,2,timmsmi01w
2749,1997,LAS,28,907,368,36,3,tolerpe01w
2750,1998,LAS,30,945,370,32,3,tolerpe01w
2751,1999,LAS,30,427,143,13,0,tolerpe01w
2752,2009,CHI,27,386,205,10,3,tolivkr01w
2753,2010,LAS,34,703,291,18,2,tolivkr01w
2754,2011,LAS,32,754,357,21,0,tolivkr01w
2755,2012,LAS,34,1,595,45,3,tolivkr01w
2756,1999,DET,11,86,20,1,1,torniel01w
2757,2000,DET,32,869,330,29,13,torniel01w
2758,2001,DET,32,777,307,19,14,torniel01w
2759,2001,MIA,2,8,0,0,0,torrele01w
2760,2000,CHA,32,574,173,31,4,traviti01w
2761,1997,SAC,28,1051,212,54,1,tremich01w
2762,1998,UTA,28,709,155,22,2,tremich01w
2763,1999,UTA,20,191,21,6,0,tremich01w
2764,2000,IND,25,318,50,10,1,tremich01w
2765,1997,NYL,28,340,134,9,9,tricetr01w
2766,1998,NYL,10,77,21,0,3,tricetr01w
2767,1998,LON,9,35,12,0,0,tunsine01w
2768,2006,SEA,34,622,216,13,6,turneba01w
2769,2007,HOU,22,263,92,8,4,turneba01w
2770,2008,CON,34,663,273,12,14,turneba01w
2771,2009,CON,7,144,28,5,0,turneba01w
2772,1997,PHO,3,3,0,0,0,tutermo01w
2773,2001,PHO,30,325,54,16,17,tuvicsl01w
2774,2002,PHO,26,320,86,9,9,tuvicsl01w
2775,2003,PHO,17,365,127,10,15,tuvicsl01w
2776,2004,PHO,33,691,91,25,37,tuvicsl01w
2777,1999,HOU,32,778,194,13,19,tzekopo01w
2778,1998,DET,3,25,4,0,0,udokamf01w
2779,2003,HOU,25,251,80,4,2,udokamf01w
2780,2004,LAS,3,19,1,0,0,udokamf01w
2781,2003,DET,14,68,4,0,1,ujhelpe01w
2782,2003,HOU,3,6,0,0,0,umoh-it01w
2783,1998,HOU,16,61,30,7,1,valdeam01w
2784,1999,HOU,17,92,40,11,0,valdeam01w
2785,2000,HOU,22,171,57,8,4,valdeam01w
2786,2011,CHI,34,777,220,24,13,vandeco01w
2787,2012,CHI,34,906,301,44,7,vandeco01w
2789,1998,LAS,28,470,94,24,9,vanemal01w
2790,1999,NYL,21,117,20,1,3,vangomi01w
2791,2000,POR,28,199,69,3,4,vangomi01w
2792,2001,MIN,22,243,41,3,6,vangomi01w
2793,2002,MIN,22,352,100,6,11,vangomi01w
2794,2003,MIN,31,528,175,10,20,vangomi01w
2795,2004,MIN,8,66,22,0,1,vangomi01w
2796,2009,NYL,34,396,163,6,3,vaughki01w
2797,2010,NYL,30,243,62,6,6,vaughki01w
2798,2011,NYL,34,955,342,40,25,vaughki01w
2799,2012,NYL,31,710,199,16,25,vaughki01w
2800,2008,WAS,15,78,12,2,2,vaughkr01w
2801,2001,PHO,29,658,116,33,4,vealkr01w
2802,2002,PHO,23,361,71,14,2,vealkr01w
2803,2010,SEA,29,330,92,18,7,veselja01w
2804,1998,ATG,35,393,56,11,0,vidicbo01w
2805,1997,SAC,7,30,7,1,0,viglida01w
2806,2006,LAS,2,12,0,0,1,vilipda01w
2807,2000,SEA,23,489,200,13,12,vodicka01w
2808,2001,SEA,29,405,150,16,7,vodicka01w
2809,2002,SEA,32,817,295,36,18,vodicka01w
2810,2003,SEA,28,709,284,20,21,vodicka01w
2811,2004,SEA,34,873,273,32,12,vodicka01w
2812,2005,PHO,28,821,305,28,22,vodicka01w
2813,2006,PHO,28,736,272,28,19,vodicka01w
2814,2005,SEA,17,98,25,3,2,vodopna01w
2815,1999,COL,7,18,2,1,1,voigtka01w
2816,1997,CHA,1,14,3,1,0,vukadmi01w
2817,2009,SEA,13,90,23,2,2,walkeas01w
2818,2010,TUL,2,9,0,2,0,walkeas01w
2819,2002,DET,32,548,162,12,34,walkeay01w
2820,2003,DET,34,271,56,10,11,walkeay01w
2821,2004,DET,18,148,18,1,4,walkeay01w
2822,2005,CHA,9,92,12,2,2,walkeay01w
2823,2005,DET,12,241,59,6,10,walkeay01w
2824,2006,CHA,25,181,46,10,10,walkeay01w
2825,2007,DET,2,43,7,1,2,walkeay01w
2827,2000,POR,30,311,92,17,7,walkede01w
2828,2001,POR,21,297,113,7,12,walkede01w
2829,2002,POR,31,848,339,26,33,walkede01w
2830,2003,SAC,34,740,307,25,23,walkede01w
2831,2004,SAC,34,884,284,26,13,walkede01w
2832,2005,SAC,22,598,311,28,13,walkede01w
2833,2006,SAC,23,438,213,15,7,walkede01w
2834,2007,SAC,5,105,44,3,3,walkede01w
2835,2008,SAC,7,52,11,5,0,walkede01w
2836,2009,SAC,34,821,291,27,16,walkede01w
2837,2010,CON,31,341,126,14,5,walkede01w
2838,2011,CON,10,80,24,2,0,walkede01w
2839,2011,WAS,20,409,126,8,7,walkede01w
2840,2012,NYL,33,525,98,17,16,walkede01w
2841,2008,HOU,2,11,0,0,1,walkema01w
2842,2001,SAC,4,8,4,0,0,walsema01w
2843,2002,WAS,18,104,13,2,0,walsema01w
2844,1997,COL,19,112,23,4,0,wardvo01w
2845,2012,PHO,28,497,86,12,14,warleav01w
2846,1997,PRT,27,425,93,24,1,washico01w
2847,1998,NYL,28,226,53,17,0,washico01w
2848,1999,NYL,19,77,12,9,0,washico01w
2849,2000,HOU,25,236,43,16,0,washico01w
2850,2001,HOU,32,1013,169,69,9,washico01w
2851,2002,HOU,21,349,44,13,0,washico01w
2852,2002,IND,11,325,80,23,2,washico01w
2853,2003,IND,20,348,63,14,2,washico01w
2854,2000,WAS,19,103,26,2,0,washito01w
2855,2001,WAS,30,336,101,4,2,washito01w
2856,2002,WAS,25,291,73,3,2,washito01w
2857,2003,SEA,11,121,33,4,0,washito01w
2858,2003,WAS,13,101,20,1,0,washito01w
2859,2000,CLE,32,598,199,21,24,wautean01w
2860,2001,CLE,24,622,234,17,13,wautean01w
2861,2002,CLE,28,802,314,16,21,wautean01w
2862,2004,NYL,13,271,82,4,8,wautean01w
2863,2005,NYL,28,879,383,18,23,wautean01w
2864,2008,SAS,32,980,471,36,38,wautean01w
2865,2009,SAS,17,463,220,13,6,wautean01w
2866,2012,SEA,25,574,241,14,18,wautean01w
2867,1997,NYL,28,924,196,85,2,weathte01w
2868,1998,NYL,30,1002,204,100,0,weathte01w
2869,1999,NYL,32,1086,229,78,3,weathte01w
2870,2000,NYL,32,1078,205,65,5,weathte01w
2871,2001,NYL,32,974,207,55,4,weathte01w
2872,2002,NYL,32,954,108,42,3,weathte01w
2873,2003,NYL,34,824,98,28,5,weathte01w
2874,2004,LAS,34,292,17,12,1,weathte01w
2875,1997,PHO,28,775,141,68,8,webbum01w
2876,1998,PHO,30,846,161,47,21,webbum01w
2877,2000,MIA,13,195,43,7,4,webbum01w
2878,2007,NYL,2,4,0,0,0,weberma01w
2879,2005,SAS,1,11,4,1,0,weckeke01w
2880,2006,SAS,34,578,190,11,3,weckeke01w
2881,2007,SAS,14,73,16,3,1,weckeke01w
2882,2008,WAS,9,48,5,3,0,weckeke01w
2885,2004,CON,31,946,275,39,0,whaleli01w
2886,2005,CON,34,1047,411,42,2,whaleli01w
2887,2006,CON,33,861,296,34,2,whaleli01w
2888,2007,CON,34,1040,454,73,3,whaleli01w
2889,2008,CON,31,908,435,45,1,whaleli01w
2890,2009,CON,34,1000,419,43,5,whaleli01w
2891,2010,MIN,33,1110,416,46,5,whaleli01w
2892,2011,MIN,34,956,464,37,5,whaleli01w
2893,2012,MIN,33,891,381,23,6,whaleli01w
2895,2004,NYL,31,420,82,8,10,whitede01w
2896,2005,NYL,13,90,16,4,3,whitede01w
2897,2008,HOU,34,426,121,23,3,whiteer01w
2898,2009,IND,2,18,2,1,1,whiteer01w
2899,2005,IND,34,693,242,30,7,whiteta01w
2900,2006,IND,34,745,302,27,9,whiteta01w
2901,2007,IND,34,841,368,36,10,whiteta01w
2902,2008,IND,33,894,328,43,14,whiteta01w
2903,2009,CON,30,659,285,35,9,whiteta01w
2904,2010,CON,34,857,343,54,4,whiteta01w
2905,2011,CON,34,747,201,40,6,whiteta01w
2906,2012,CON,31,496,156,31,6,whiteta01w
2907,1997,SJL,37,1098,464,77,50,whitiva01w
2908,1998,SER,42,1384,645,94,32,whitiva01w
2909,1999,SER,15,460,196,19,11,whitiva01w
2910,1999,DET,31,764,202,40,31,whitiva01w
2911,2001,MIN,26,462,88,15,14,whitiva01w
2912,2002,MIN,6,52,13,2,2,whitiva01w
2913,1999,NYL,27,573,214,16,6,whitmta01w
2914,2000,NYL,32,689,277,17,17,whitmta01w
2915,2001,NYL,32,752,226,17,10,whitmta01w
2916,2002,NYL,32,977,406,27,43,whitmta01w
2917,2003,NYL,33,823,271,35,22,whitmta01w
2918,2004,LAS,34,595,210,12,5,whitmta01w
2919,2005,LAS,34,917,327,33,14,whitmta01w
2920,2006,IND,34,1057,528,46,12,whitmta01w
2921,2007,IND,34,880,370,20,11,whitmta01w
2922,2008,CON,34,911,429,20,13,whitmta01w
2923,2009,CON,24,376,105,9,3,whitmta01w
2924,1999,WAS,3,18,0,1,1,whittje01w
2925,2001,WAS,4,20,0,0,1,whittje01w
2926,2008,IND,22,186,43,9,11,whittkh01w
2927,2009,IND,3,25,12,0,0,whittkh01w
2928,1997,NYL,28,332,100,17,18,wickssu01w
2929,1998,NYL,30,444,128,16,10,wickssu01w
2930,1999,NYL,32,938,216,41,43,wickssu01w
2931,2000,NYL,32,680,156,26,39,wickssu01w
2932,2001,NYL,30,602,157,36,30,wickssu01w
2933,2002,NYL,30,428,66,22,15,wickssu01w
2934,1997,LAS,28,633,84,24,1,widemja01w
2935,1998,LAS,25,329,48,10,1,widemja01w
2936,1999,CLE,26,401,56,20,0,widemja01w
2937,2000,POR,5,35,0,2,0,widemja01w
2938,2008,MIN,30,824,472,54,7,wiggica01w
2939,2009,MIN,34,1017,446,41,7,wiggica01w
2940,2010,MIN,8,238,110,14,0,wiggica01w
2941,2011,MIN,34,582,200,18,7,wiggica01w
2942,2012,MIN,34,741,232,24,4,wiggica01w
2943,1998,LON,35,308,91,25,0,wilkeda01w
2944,1999,CHC,12,220,75,24,1,wilkeda01w
2945,2006,SAC,4,14,6,0,0,wilkibr01w
2946,2008,SAS,1,0,0,0,0,wilkibr01w
2947,2000,PHO,28,351,78,14,4,williad01w
2948,2001,PHO,25,375,96,15,5,williad01w
2949,2002,PHO,32,878,200,48,29,williad01w
2950,2003,PHO,34,985,334,57,19,williad01w
2951,2004,PHO,11,145,65,11,5,williad01w
2952,2004,SAS,12,149,32,8,1,williad01w
2953,2006,MIN,32,488,157,25,8,williad01w
2954,2007,SAC,34,609,211,22,6,williad01w
2955,2008,SAC,34,687,207,19,8,williad01w
2956,2005,PHO,16,149,40,4,7,willian01w
2957,2006,DET,21,133,41,7,6,willian01w
2958,1998,LON,44,1340,505,67,1,willibe01w
2959,2000,IND,1,3,0,0,0,willibe01w
2960,1997,SER,3,25,12,1,0,willide01w
2961,1997,CHA,10,116,27,2,0,willide01w
2962,1999,PRT,13,94,50,4,0,willide01w
2965,1997,UTA,28,608,226,38,7,williki01w
2966,1998,UTA,30,543,227,43,6,williki01w
2967,2004,CON,23,175,68,8,2,willile01w
2968,2005,CON,18,91,24,2,0,willile01w
2969,2006,CON,29,209,63,5,0,willile01w
2970,2007,CON,28,320,58,8,6,willile01w
2971,2008,PHO,34,834,343,22,7,willile01w
2972,2009,PHO,34,713,340,22,9,willile01w
2973,2010,SEA,33,515,182,16,5,willile01w
2974,2011,SEA,34,649,219,18,7,willile01w
2975,2012,CHI,33,610,114,15,4,willile01w
2976,2002,DET,27,177,73,4,0,willile02w
2977,2006,LAS,24,320,111,26,0,willili01w
2978,2007,LAS,8,77,18,4,1,willili01w
2979,2007,NYL,16,157,61,10,0,willili01w
2980,2008,NYL,34,458,191,29,5,willili01w
2981,2009,SAC,2,5,0,0,0,willili01w
2982,1997,PRT,32,1002,555,53,41,willina01w
2983,1998,PRT,44,1484,964,89,50,willina01w
2984,1999,PRT,13,405,258,26,9,willina01w
2985,1999,UTA,28,954,504,38,22,willina01w
2986,2000,UTA,29,1039,543,35,18,willina01w
2987,2001,UTA,31,1064,439,41,10,willina01w
2988,2002,UTA,31,1008,351,38,16,willina01w
2989,2003,IND,34,1054,457,43,21,willina01w
2990,2004,IND,34,956,349,40,23,willina01w
2991,2005,IND,34,804,251,35,12,willina01w
2992,1998,WAS,30,712,132,63,2,williri01w
2993,1999,WAS,31,312,104,21,1,williri01w
2994,2000,IND,32,1014,352,76,3,williri01w
2995,2001,IND,32,1042,380,72,11,williri01w
2996,2002,HOU,9,85,19,11,0,williri01w
2997,2002,IND,20,484,120,21,2,williri01w
2998,2003,SEA,32,381,78,14,0,williri01w
2999,2012,TUL,33,671,345,51,9,williri02w
3000,1997,SJL,25,241,48,8,2,willisa01w
3001,2003,LAS,25,229,49,6,0,willish01w
3002,1997,PHO,12,84,37,3,0,willita01w
3003,2000,POR,26,174,80,8,2,willita01w
3004,2004,SAS,26,417,55,35,5,willito01w
3005,2001,LAS,13,47,17,1,0,williwe01w
3006,1999,PHO,12,34,12,1,1,wilsoam01w
3007,2000,PHO,3,9,2,0,0,wilsoam01w
3009,2009,IND,21,120,22,3,1,wirthch01w
3010,2009,LAS,29,197,69,3,8,wisdoli01w
3011,2010,LAS,32,482,144,18,24,wisdoli01w
3012,2011,CHI,29,234,48,11,14,wisdoli01w
3013,2012,WAS,34,501,136,24,27,wisdoli01w
3014,1997,NYL,28,867,407,49,7,witheso01w
3015,1998,NYL,30,898,413,40,4,witheso01w
3016,1999,NYL,32,581,271,33,2,witheso01w
3017,2000,POR,32,1061,538,38,8,witheso01w
3018,2001,POR,31,862,373,30,8,witheso01w
3019,2002,LAS,31,358,161,13,2,witheso01w
3020,2003,LAS,23,235,56,7,0,witheso01w
3021,2012,MIN,1,4,0,0,0,wojtaju01w
3022,1998,NEW,44,861,430,15,64,wolteka01w
3023,1999,NEW,13,271,143,3,16,wolteka01w
3024,1999,HOU,10,41,16,1,0,wolteka01w
3025,2000,IND,31,793,370,12,49,wolteka01w
3026,2001,SAC,31,378,151,4,25,wolteka01w
3027,2002,SAC,14,78,24,0,3,wolteka01w
3028,2001,CLE,1,5,2,0,0,wolvean01w
3029,1997,CLE,28,712,217,46,10,woodaly01w
3030,1998,DET,27,383,95,22,3,woodaly01w
3031,1997,SJL,32,355,98,10,7,woodki01w
3033,1997,HOU,26,397,76,18,1,wooslti01w
3034,1998,HOU,18,96,22,8,0,wooslti01w
3035,1997,PRT,19,393,67,16,0,wrighfa01w
3036,1998,PRT,34,908,184,60,4,wrighfa01w
3037,1999,NAS,15,452,81,22,1,wrighfa01w
3038,2010,MIN,34,866,378,34,7,wrighmo01w
3039,2011,MIN,29,393,149,23,5,wrighmo01w
3040,2012,MIN,34,660,293,35,6,wrighmo01w
3041,2004,PHO,24,243,57,3,1,wrighsh01w
3042,2005,PHO,25,346,94,14,3,wrighsh01w
3043,2005,SEA,34,528,122,18,3,wrighta01w
3044,2006,SEA,33,508,124,11,2,wrighta01w
3045,2007,SEA,34,547,139,31,2,wrighta01w
3046,2008,SEA,34,808,268,31,8,wrighta01w
3047,2009,SEA,33,1072,404,50,10,wrighta01w
3048,2010,SEA,34,988,313,41,9,wrighta01w
3049,2011,SEA,33,953,332,40,1,wrighta01w
3050,2012,SEA,32,953,253,38,4,wrighta01w
3051,2001,ORL,32,648,108,26,15,wyckobr01w
3052,2002,ORL,32,514,81,19,18,wyckobr01w
3053,2003,CON,34,755,156,33,19,wyckobr01w
3054,2005,CON,34,596,105,13,9,wyckobr01w
3055,2006,CHI,15,345,50,14,12,wyckobr01w
3056,2007,CHI,34,520,98,20,18,wyckobr01w
3057,2008,CHI,34,594,75,14,20,wyckobr01w
3058,2009,CHI,27,531,83,10,20,wyckobr01w
3059,1998,COL,42,414,177,13,13,wynneda01w
3060,1999,COL,13,332,130,19,8,wynneda01w
3061,2001,SAC,1,3,2,0,1,wynneda01w
3062,2002,MIA,15,147,52,4,1,yamasli01w
3063,2003,NYL,24,148,16,4,0,yamasli01w
3064,1997,SAC,19,188,52,18,2,yasenco01w
3065,2003,PHO,5,34,14,0,0,yilmane01w
3066,2004,SAS,7,77,19,3,1,yilmane01w
3067,1997,NEW,40,1399,847,79,5,youngca01w
3068,1998,NEW,44,1581,963,81,3,youngca01w
3069,1999,NEW,5,174,100,5,0,youngca01w
3070,2001,POR,23,279,111,14,1,youngca01w
3071,2002,POR,19,186,83,4,0,youngca01w
3072,2006,SAS,34,1057,408,57,13,youngso01w
3073,2007,SAS,33,1106,553,49,12,youngso01w
3074,2008,SAS,33,1054,576,53,17,youngso01w
3075,2009,SAS,33,1113,600,44,16,youngso01w
3076,2010,SAS,34,1082,521,54,9,youngso01w
3077,2011,SAS,33,1043,435,67,16,youngso01w
3078,2012,SAS,33,1,537,74,13,youngso01w
3079,2008,ATL,33,745,240,30,10,youngta01w
3080,2009,ATL,11,73,30,6,1,youngta01w
3081,2009,CHI,10,129,50,7,4,youngta01w
3082,2010,CHI,32,595,217,25,7,youngta01w
3083,2011,CHI,33,792,260,37,9,youngta01w
3084,2012,CHI,33,804,272,34,6,youngta01w
3085,2000,DET,23,258,89,5,13,zakalok01w
3086,2002,DET,3,10,2,0,1,zakalok01w
3087,2002,PHO,5,37,6,0,0,zakalok01w
3088,2005,SEA,34,413,90,16,1,zarafr01w
3089,2009,DET,34,802,406,27,17,zellosh01w
3090,2010,IND,27,418,160,12,16,zellosh01w
3091,2010,IND,27,418,160,12,16,zellosh01w
3092,2010,TUL,4,67,16,2,0,zellosh01w
3093,2011,IND,33,463,181,12,15,zellosh01w
3094,2012,IND,31,692,234,23,15,zellosh01w
3095,1997,LAS,28,557,259,11,20,zhengha01w
3096,1998,LAS,6,98,45,0,1,zhengha01w
3098,2003,WAS,6,30,11,0,0,zirkozu01w
3099,2008,MIN,6,30,10,1,0,zollsh01w
